site,date,n_scenes,scenes,coverage,cloud_frac,valid_frac,blue_median,mndwi_thr,thr_method,water_nir_green,water_blue,site_ha,water_ha,water_frac,wet_veg_ha,ndwi_water_ha,scl_water_ha,ndti_mean,ndci_mean,ndci_p90,bloom_frac,quality,processed_at
dombes,2026-06-07,2,S2A_31TFM_20260607_1_L2A;S2B_31TFM_20260607_0_L2A,0.8609,0.1528,0.7294,0.0522,-0.0898,otsu,0.776,0.0456,47573.2,2002.2,0.0577,1894.8,1988.7,1582.1,-0.1352,0.1654,0.2902,0.3937,parcial,2026-09-04T11:29:59+00:00
dombes,2026-06-10,1,S2B_31TFL_20260610_0_L2A,0.5626,0.5966,0.227,0.0679,0.0,fijo,1.145,0.0857,47573.2,351.6,0.0326,196.8,359.0,458.5,-0.1322,0.1771,0.2907,0.3527,parcial,2026-09-04T11:29:59+00:00
dombes,2026-06-12,2,S2C_31TFL_20260612_0_L2A;S2C_31TFM_20260612_0_L2A,0.912,0.6647,0.3057,0.0629,-0.0508,otsu,0.744,0.0513,47573.2,612.1,0.0421,355.7,644.8,908.3,-0.1634,0.1631,0.3202,0.4185,parcial,2026-09-04T11:29:59+00:00
dombes,2026-06-14,2,S2A_31TFL_20260614_0_L2A;S2A_31TFM_20260614_0_L2A,0.8914,0.0048,0.8871,0.0349,-0.0117,otsu,0.471,0.0254,47573.2,3080.8,0.073,1204.6,3323.3,2885.6,-0.1723,0.225,0.3829,0.599,parcial,2026-09-04T11:29:59+00:00
dombes,2026-06-15,2,S2C_31TFL_20260615_0_L2A;S2C_31TFM_20260615_0_L2A,1.0,0.0002,0.9998,0.0387,-0.1445,otsu,1.027,0.0517,47573.2,2599.0,0.0546,3161.2,2176.8,1869.2,-0.0988,0.1499,0.247,0.2653,ok,2026-09-04T11:29:59+00:00
dombes,2026-06-17,4,S2A_31TFL_20260617_1_L2A;S2A_31TFM_20260617_1_L2A;S2B_31TFL_20260617_0_L2A;S2B_31TFM_20260617_0_L2A,1.0,0.008,0.992,0.0463,-0.0195,otsu,0.557,0.0364,47573.2,3233.2,0.0685,1681.5,3432.4,2862.3,-0.1686,0.2099,0.354,0.5501,ok,2026-09-04T11:29:59+00:00
dombes,2026-06-20,2,S2B_31TFL_20260620_0_L2A;S2B_31TFM_20260620_0_L2A,1.0,0.0956,0.9044,0.0473,-0.1289,otsu,0.89,0.0566,47573.2,2801.8,0.0651,2093.8,2693.2,1651.9,-0.1098,0.1745,0.2833,0.3755,ok,2026-09-04T11:29:59+00:00
dombes,2026-06-22,2,S2C_31TFL_20260622_0_L2A;S2C_31TFM_20260622_0_L2A,0.9085,0.002,0.9067,0.0478,-0.0586,otsu,0.684,0.0355,47573.2,2496.4,0.0579,2198.5,2869.5,2331.6,-0.1748,0.2198,0.3582,0.585,parcial,2026-09-04T11:29:59+00:00
dombes,2026-06-24,1,S2A_31TFM_20260624_0_L2A,0.7658,0.0012,0.7648,0.0441,-0.0508,otsu,0.592,0.0314,47573.2,2328.6,0.064,1692.7,2733.5,2107.0,-0.1963,0.2644,0.4161,0.7092,parcial,2026-09-04T11:29:59+00:00
dombes,2026-06-25,2,S2C_31TFL_20260625_0_L2A;S2C_31TFM_20260625_0_L2A,1.0,0.0004,0.9996,0.0439,-0.1211,otsu,0.9,0.0452,47573.2,2687.2,0.0565,2763.8,2857.2,2020.1,-0.1306,0.2049,0.3367,0.5248,ok,2026-09-04T11:29:59+00:00
dombes,2026-06-27,4,S2A_31TFL_20260627_1_L2A;S2A_31TFM_20260627_1_L2A;S2B_31TFL_20260627_0_L2A;S2B_31TFM_20260627_0_L2A,1.0,0.0082,0.9918,0.052,-0.0195,otsu,0.759,0.0395,47573.2,2402.2,0.0509,2482.3,2701.0,2723.9,-0.1573,0.2462,0.3804,0.6811,ok,2026-09-04T11:29:59+00:00
dombes,2026-06-30,2,S2B_31TFL_20260630_0_L2A;S2B_31TFM_20260630_0_L2A,1.0,0.4164,0.5836,0.0753,-0.0742,otsu,1.092,0.0781,47573.2,851.7,0.0307,1250.7,858.1,1240.2,-0.1345,0.2,0.3062,0.5193,nublado,2026-09-04T11:29:59+00:00
dombes,2026-07-02,2,S2C_31TFL_20260702_0_L2A;S2C_31TFM_20260702_0_L2A,0.8882,0.2914,0.6295,0.0595,-0.043,otsu,0.9,0.0447,47573.2,1028.3,0.0343,1627.9,1266.1,1528.7,-0.166,0.2418,0.3748,0.6397,parcial,2026-09-04T11:29:59+00:00
dombes,2026-07-04,2,S2A_31TFL_20260704_0_L2A;S2A_31TFM_20260704_0_L2A,0.89,0.0013,0.8888,0.0476,-0.0273,otsu,0.862,0.0349,47573.2,1614.7,0.0382,2765.5,1895.9,2305.4,-0.154,0.2432,0.3613,0.6539,parcial,2026-09-04T11:29:59+00:00
dombes,2026-07-05,2,S2C_31TFL_20260705_0_L2A;S2C_31TFM_20260705_0_L2A,1.0,0.0005,0.9995,0.0436,-0.1133,otsu,0.996,0.0484,47573.2,1888.5,0.0397,3358.0,2039.0,1951.8,-0.1257,0.2071,0.3257,0.5329,ok,2026-09-04T11:29:59+00:00
dombes,2026-07-07,4,S2A_31TFL_20260707_0_L2A;S2A_31TFM_20260707_0_L2A;S2B_31TFL_20260707_1_L2A;S2B_31TFM_20260707_1_L2A,1.0,0.0057,0.9943,0.0512,-0.0117,otsu,0.831,0.0354,47573.2,1709.0,0.0361,2953.8,2088.1,2439.0,-0.1618,0.2475,0.3879,0.6311,ok,2026-09-04T11:29:59+00:00
dombes,2026-07-10,2,S2B_31TFL_20260710_0_L2A;S2B_31TFM_20260710_0_L2A,1.0,0.1047,0.8953,0.0473,-0.0195,otsu,0.764,0.0348,47573.2,1542.3,0.0362,2622.6,2036.0,2160.9,-0.1812,0.2726,0.4309,0.7087,ok,2026-09-04T11:29:59+00:00
dombes,2026-07-12,2,S2C_31TFL_20260712_0_L2A;S2C_31TFM_20260712_0_L2A,0.9107,0.0011,0.9097,0.0539,-0.0273,otsu,0.862,0.035,47573.2,1501.1,0.0347,2891.7,1980.0,2195.9,-0.1763,0.2678,0.406,0.7164,parcial,2026-09-04T11:29:59+00:00
dombes,2026-07-14,2,S2A_31TFL_20260714_0_L2A;S2A_31TFM_20260714_0_L2A,0.891,0.3848,0.5481,0.059,-0.1523,otsu,1.172,0.0419,47573.2,787.1,0.0302,1706.2,799.2,878.3,-0.1408,0.2415,0.3569,0.6717,parcial,2026-09-04T11:29:59+00:00
dombes,2026-07-15,1,S2C_31TFL_20260715_1_L2A,0.5626,0.9937,0.004,0.0815,0.0,fijo,,,47573.2,0.0,0.0,3.5,0.0,0.2,,,,,parcial,2026-09-04T11:29:59+00:00
dombes,2026-07-17,4,S2A_31TFL_20260717_1_L2A;S2A_31TFM_20260717_1_L2A;S2B_31TFL_20260717_0_L2A;S2B_31TFM_20260717_0_L2A,1.0,0.066,0.934,0.0511,0.0117,otsu,0.858,0.0439,47573.2,1491.0,0.0336,2616.0,1936.6,2094.8,-0.1772,0.2669,0.4046,0.728,ok,2026-09-04T11:29:59+00:00
dombes,2026-07-20,2,S2B_31TFL_20260720_0_L2A;S2B_31TFM_20260720_0_L2A,1.0,0.0011,0.9989,0.0496,-0.0664,otsu,1.07,0.0553,47573.2,1545.6,0.0325,3531.2,1644.0,1917.2,-0.1268,0.2114,0.3135,0.5505,ok,2026-09-04T11:29:59+00:00
dombes,2026-07-22,2,S2C_31TFL_20260722_0_L2A;S2C_31TFM_20260722_0_L2A,0.9219,0.0013,0.9207,0.0486,-0.0117,otsu,0.971,0.0379,47573.2,1263.6,0.0288,3219.3,1582.7,2045.2,-0.1477,0.2416,0.3776,0.6389,parcial,2026-09-04T11:29:59+00:00
dombes,2026-07-24,2,S2A_31TFL_20260724_0_L2A;S2A_31TFM_20260724_0_L2A,0.9116,0.0211,0.8924,0.0484,-0.0039,otsu,0.929,0.0369,47573.2,1260.6,0.0297,2955.8,1618.2,2043.6,-0.1444,0.2391,0.3671,0.6561,parcial,2026-09-04T11:29:59+00:00
dombes,2026-07-25,2,S2C_31TFL_20260725_0_L2A;S2C_31TFM_20260725_1_L2A,1.0,0.255,0.745,0.048,-0.1055,otsu,1.064,0.0483,47573.2,1204.9,0.034,2559.7,1361.2,1428.5,-0.1293,0.2314,0.357,0.6259,nublado,2026-09-04T11:29:59+00:00
dombes,2026-07-27,2,S2A_31TFL_20260727_1_L2A;S2B_31TFL_20260727_0_L2A,0.5626,0.6742,0.1835,0.103,0.0,fijo,1.534,0.0994,47573.2,51.1,0.0059,274.8,66.3,451.7,-0.1088,0.2288,0.3645,0.5884,parcial,2026-09-04T11:29:59+00:00
dombes,2026-07-30,1,S2B_31TFL_20260730_0_L2A,0.5626,0.8823,0.0662,0.0997,0.0,fijo,1.376,0.0998,47573.2,81.1,0.0258,280.0,43.3,186.8,-0.0642,0.1202,0.1744,0.0138,parcial,2026-09-04T11:29:59+00:00
dombes,2026-08-01,2,S2C_31TFL_20260801_0_L2A;S2C_31TFM_20260801_0_L2A,0.9187,0.3174,0.6272,0.0811,-0.0352,otsu,1.352,0.0669,47573.2,403.8,0.0135,1546.5,395.0,1254.1,-0.129,0.2043,0.2903,0.5131,parcial,2026-09-04T11:29:59+00:00
dombes,2026-08-03,2,S2A_31TFL_20260803_0_L2A;S2A_31TFM_20260803_0_L2A,0.9155,0.3288,0.6144,0.0577,-0.1133,otsu,1.265,0.0439,47573.2,752.5,0.0257,2091.8,764.5,1165.8,-0.1212,0.2296,0.3195,0.6489,parcial,2026-09-04T11:29:59+00:00
dombes,2026-08-04,4,S2C_31TFL_20260804_0_L2A;S2C_31TFL_20260804_1_L2A;S2C_31TFM_20260804_0_L2A;S2C_31TFM_20260804_1_L2A,1.0,0.0002,0.9998,0.045,-0.1133,otsu,1.112,0.0369,47573.2,1281.8,0.027,3394.0,1498.0,1733.8,-0.1513,0.2547,0.366,0.7341,espectro_anomalo,2026-09-04T11:29:59+00:00
dombes,2026-08-06,4,S2A_31TFL_20260806_1_L2A;S2A_31TFM_20260806_1_L2A;S2B_31TFL_20260806_0_L2A;S2B_31TFM_20260806_0_L2A,1.0,0.001,0.999,0.0516,-0.0039,otsu,0.934,0.0379,47573.2,1325.6,0.0279,2992.9,1661.5,2252.6,-0.1632,0.2706,0.3883,0.7686,ok,2026-09-04T11:29:59+00:00
dombes,2026-08-09,2,S2B_31TFL_20260809_0_L2A;S2B_31TFM_20260809_0_L2A,1.0,0.0004,0.9996,0.0549,-0.082,otsu,1.131,0.049,47573.2,1238.9,0.0261,3314.2,1400.4,1767.0,-0.1444,0.2372,0.3373,0.675,espectro_anomalo,2026-09-04T11:29:59+00:00
dombes,2026-08-11,1,S2C_31TFL_20260811_0_L2A,0.5075,0.8891,0.0567,0.062,-0.0742,otsu,0.906,0.0532,47573.2,116.6,0.0432,141.2,125.8,118.7,-0.1808,0.266,0.3384,0.7838,parcial,2026-09-04T11:29:59+00:00
dombes,2026-08-13,4,S2A_31TFL_20260813_0_L2A;S2A_31TFL_20260813_1_L2A;S2A_31TFM_20260813_0_L2A;S2A_31TFM_20260813_1_L2A,0.9037,0.0012,0.9025,0.0487,-0.0352,otsu,0.931,0.0378,47573.2,1387.0,0.0323,2534.0,1832.6,1812.0,-0.1787,0.279,0.412,0.7803,parcial,2026-09-04T11:29:59+00:00
dombes,2026-08-14,2,S2C_31TFL_20260814_0_L2A;S2C_31TFM_20260814_0_L2A,1.0,0.467,0.533,0.0553,-0.0664,otsu,0.957,0.0481,47573.2,818.0,0.0323,1350.5,993.8,928.4,-0.1547,0.2504,0.3711,0.715,nublado,2026-09-04T11:29:59+00:00
dombes,2026-08-19,2,S2B_31TFL_20260819_0_L2A;S2B_31TFM_20260819_0_L2A,1.0,0.0003,0.9997,0.0457,-0.0195,otsu,0.974,0.0364,47573.2,1191.1,0.025,2958.1,1463.0,2151.6,-0.1756,0.2889,0.4028,0.814,ok,2026-09-04T11:29:59+00:00
dombes,2026-08-21,2,S2C_31TFL_20260821_0_L2A;S2C_31TFM_20260821_0_L2A,0.8885,0.2412,0.6742,0.0528,-0.0508,otsu,1.263,0.0373,47573.2,374.1,0.0117,1313.7,549.3,1217.7,-0.2056,0.3367,0.511,0.805,parcial,2026-09-04T11:29:59+00:00
dombes,2026-08-23,2,S2A_31TFL_20260823_0_L2A;S2A_31TFM_20260823_0_L2A,0.9044,0.0005,0.9039,0.0477,-0.0117,otsu,0.975,0.0381,47573.2,1134.1,0.0264,2668.0,1311.1,1968.4,-0.1734,0.2751,0.3839,0.7795,parcial,2026-09-04T11:29:59+00:00
dombes,2026-08-24,2,S2C_31TFL_20260824_0_L2A;S2C_31TFM_20260824_0_L2A,1.0,0.3648,0.6352,0.0493,-0.0742,otsu,1.109,0.0446,47573.2,849.1,0.0281,2276.6,968.5,1287.9,-0.1595,0.2604,0.3732,0.7681,nublado,2026-09-04T11:29:59+00:00
dombes,2026-08-31,2,S2C_31TFL_20260831_0_L2A;S2C_31TFM_20260831_0_L2A,0.9132,0.0233,0.8919,0.0468,-0.0195,otsu,0.957,0.0376,47573.2,1049.6,0.0247,2560.3,1266.9,1955.8,-0.1677,0.2632,0.3929,0.7099,parcial,2026-09-04T11:29:59+00:00
dombes,2026-09-02,2,S2A_31TFL_20260902_0_L2A;S2A_31TFM_20260902_0_L2A,0.9227,0.1364,0.7968,0.0453,-0.0586,otsu,0.957,0.037,47573.2,936.7,0.0247,2311.2,1170.0,1546.5,-0.1555,0.2494,0.3742,0.6573,parcial,2026-09-04T11:29:59+00:00
dombes,2026-09-03,4,S2C_31TFL_20260903_0_L2A;S2C_31TFL_20260903_1_L2A;S2C_31TFM_20260903_0_L2A;S2C_31TFM_20260903_1_L2A,1.0,0.0253,0.9747,0.0371,-0.0664,otsu,1.011,0.0324,47573.2,1077.9,0.0232,2882.5,1305.4,1833.4,-0.1511,0.2535,0.3801,0.6877,ok,2026-09-04T11:29:59+00:00
