site,date,n_scenes,scenes,coverage,cloud_frac,valid_frac,blue_median,site_ha,water_ha,water_frac,wet_veg_ha,ndwi_water_ha,scl_water_ha,ndti_mean,ndci_mean,ndci_p90,bloom_frac,quality,processed_at
tablas-daimiel,2017-07-03,1,S2B_30SVJ_20170703_0_L2A,1.0,0.0067,0.9933,0.0431,3100.1,225.0,0.0731,9.8,321.6,261.7,-0.0277,0.1595,0.2175,0.166,ok,2026-09-02T12:42:02+00:00
tablas-daimiel,2017-07-13,1,S2B_30SVJ_20170713_0_L2A,1.0,0.4755,0.5245,0.0748,3100.1,29.3,0.018,13.3,23.0,38.8,-0.0312,0.0983,0.1194,0.0041,nublado,2026-09-02T12:42:02+00:00
tablas-daimiel,2017-07-23,1,S2B_30SVJ_20170723_0_L2A,1.0,0.0097,0.9903,0.0526,3100.1,325.5,0.106,27.3,317.8,300.6,-0.0597,0.1582,0.1977,0.085,ok,2026-09-02T12:42:02+00:00
tablas-daimiel,2017-08-02,1,S2B_30SVJ_20170802_0_L2A,1.0,0.0132,0.9868,0.0521,3100.1,255.2,0.0834,14.1,295.7,285.4,-0.0927,0.2265,0.306,0.7497,ok,2026-09-02T12:42:02+00:00
tablas-daimiel,2017-08-07,1,S2A_30SVJ_20170807_0_L2A,1.0,0.0112,0.9888,0.0572,3100.1,193.7,0.0632,7.1,158.3,82.9,-0.0767,0.2068,0.2389,0.6545,ok,2026-09-02T12:42:02+00:00
tablas-daimiel,2017-08-12,1,S2B_30SVJ_20170812_0_L2A,1.0,0.0119,0.9881,0.0473,3100.1,238.9,0.078,13.7,268.9,276.6,-0.1021,0.282,0.3566,0.8537,ok,2026-09-02T12:42:02+00:00
tablas-daimiel,2017-08-22,1,S2B_30SVJ_20170822_0_L2A,1.0,0.0077,0.9923,0.0572,3100.1,240.6,0.0782,13.2,235.2,63.0,-0.0811,0.2204,0.2838,0.6911,ok,2026-09-02T12:42:02+00:00
tablas-daimiel,2017-09-01,1,S2B_30SVJ_20170901_0_L2A,1.0,0.0151,0.9849,0.0623,3100.1,297.1,0.0973,29.0,260.9,239.7,-0.0943,0.2022,0.3102,0.5595,ok,2026-09-02T12:42:02+00:00
tablas-daimiel,2017-09-11,1,S2B_30SVJ_20170911_0_L2A,1.0,0.0142,0.9858,0.0496,3100.1,176.2,0.0576,22.4,214.2,241.4,-0.1527,0.3034,0.3873,0.8431,ok,2026-09-02T12:42:02+00:00
tablas-daimiel,2017-09-26,1,S2A_30SVJ_20170926_0_L2A,1.0,0.0388,0.9612,0.0607,3100.1,227.2,0.0763,10.5,228.4,183.0,-0.0887,0.165,0.2608,0.5029,ok,2026-09-02T12:42:02+00:00
tablas-daimiel,2017-10-11,1,S2B_30SVJ_20171011_0_L2A,1.0,0.0129,0.9871,0.0658,3100.1,233.4,0.0763,14.3,218.3,185.5,-0.0838,0.1597,0.2524,0.4381,ok,2026-09-02T12:42:02+00:00
tablas-daimiel,2017-10-31,1,S2B_30SVJ_20171031_0_L2A,1.0,0.0374,0.9626,0.0618,3100.1,212.2,0.0711,10.8,200.2,184.7,-0.0793,0.1651,0.2381,0.4361,ok,2026-09-02T12:42:02+00:00
tablas-daimiel,2017-11-10,1,S2B_30SVJ_20171110_0_L2A,1.0,0.036,0.964,0.0559,3100.1,188.4,0.0631,4.0,194.6,190.7,-0.067,0.1648,0.2283,0.3857,ok,2026-09-02T12:42:15+00:00
tablas-daimiel,2017-11-20,1,S2B_30SVJ_20171120_0_L2A,1.0,0.0378,0.9622,0.0552,3100.1,187.4,0.0628,4.4,192.2,186.2,-0.0745,0.135,0.2208,0.2506,ok,2026-09-02T12:42:15+00:00
tablas-daimiel,2017-11-30,1,S2B_30SVJ_20171130_0_L2A,1.0,0.0202,0.9798,0.0497,3100.1,165.1,0.0544,11.5,184.4,205.4,-0.0339,0.1797,0.2776,0.2897,ok,2026-09-02T12:42:15+00:00
tablas-daimiel,2017-12-20,1,S2B_30SVJ_20171220_0_L2A,1.0,0.0178,0.9822,0.0562,3100.1,197.0,0.0647,11.6,192.2,205.3,-0.129,0.2566,0.4107,0.6585,ok,2026-09-02T12:42:15+00:00
tablas-daimiel,2018-02-23,1,S2A_30SVJ_20180223_0_L2A,1.0,0.0086,0.9914,0.053,3100.1,215.9,0.0703,28.8,254.0,242.6,-0.1219,0.1549,0.2402,0.2788,ok,2026-09-02T12:42:15+00:00
tablas-daimiel,2018-03-20,1,S2B_30SVJ_20180320_0_L2A,1.0,0.2711,0.7289,0.0552,3100.1,194.7,0.0862,3.7,214.8,203.2,-0.125,0.1494,0.2187,0.1822,nublado,2026-09-02T12:42:15+00:00
tablas-daimiel,2018-03-30,2,S2B_30SVJ_20180330_0_L2A;S2B_30SVJ_20180330_1_L2A,1.0,0.2791,0.7209,0.0641,3100.1,142.7,0.0639,27.8,174.1,162.6,-0.103,0.1007,0.1979,0.0939,nublado,2026-09-02T12:42:15+00:00
tablas-daimiel,2018-04-04,1,S2A_30SVJ_20180404_0_L2A,1.0,0.1569,0.8431,0.0615,3100.1,210.4,0.0805,5.2,336.0,238.4,-0.1042,0.1297,0.225,0.1818,ok,2026-09-02T12:42:15+00:00
tablas-daimiel,2018-04-14,1,S2A_30SVJ_20180414_1_L2A,1.0,0.2765,0.7235,0.0613,3100.1,204.6,0.0912,2.0,298.6,234.0,-0.1469,0.0524,0.1535,0.0162,nublado,2026-09-02T12:42:15+00:00
tablas-daimiel,2018-04-19,2,S2B_30SVJ_20180419_0_L2A;S2B_30SVJ_20180419_1_L2A,1.0,0.0007,0.9993,0.0555,3100.1,277.8,0.0897,6.6,350.0,174.7,-0.0403,0.0663,0.1789,0.0291,ok,2026-09-02T12:42:31+00:00
tablas-daimiel,2018-04-29,1,S2B_30SVJ_20180429_0_L2A,1.0,0.7136,0.2864,0.0902,3100.1,11.5,0.013,18.8,22.1,6.9,-0.0267,0.0128,0.0738,0.0,nublado,2026-09-02T12:42:15+00:00
tablas-daimiel,2018-05-04,1,S2A_30SVJ_20180504_0_L2A,1.0,0.0007,0.9993,0.047,3100.1,229.8,0.0742,4.4,338.4,232.6,-0.0136,0.0518,0.2023,0.1036,ok,2026-09-02T12:42:15+00:00
tablas-daimiel,2018-05-09,1,S2B_30SVJ_20180509_0_L2A,1.0,0.0796,0.9204,0.0672,3100.1,338.8,0.1188,6.3,364.2,212.4,-0.0472,0.0625,0.1815,0.0678,ok,2026-09-02T12:42:15+00:00
tablas-daimiel,2018-05-14,1,S2A_30SVJ_20180514_0_L2A,1.0,0.7657,0.2343,0.0883,3100.1,19.2,0.0264,1.4,29.5,8.1,-0.1399,-0.0132,0.0326,0.0,nublado,2026-09-02T12:42:31+00:00
tablas-daimiel,2018-05-19,1,S2B_30SVJ_20180519_0_L2A,1.0,0.1751,0.8249,0.0852,3100.1,77.7,0.0304,17.2,83.7,20.2,-0.011,0.0883,0.1493,0.0118,ok,2026-09-02T12:42:31+00:00
tablas-daimiel,2018-05-24,1,S2A_30SVJ_20180524_0_L2A,1.0,0.0008,0.9992,0.0555,3100.1,174.5,0.0563,5.1,235.5,0.0,-0.0238,0.0864,0.1367,0.0089,ok,2026-09-02T12:42:31+00:00
tablas-daimiel,2018-06-03,2,S2A_30SVJ_20180603_0_L2A;S2A_30SVJ_20180603_1_L2A,1.0,0.109,0.891,0.0587,3100.1,272.8,0.0988,8.1,347.9,267.7,-0.0746,0.1097,0.1754,0.0501,ok,2026-09-02T12:42:31+00:00
tablas-daimiel,2018-06-13,2,S2A_30SVJ_20180613_0_L2A;S2A_30SVJ_20180613_1_L2A,1.0,0.1554,0.8446,0.0562,3100.1,46.8,0.0179,3.5,128.7,81.0,-0.0931,0.1454,0.2254,0.2977,ok,2026-09-02T12:42:31+00:00
tablas-daimiel,2018-06-18,2,S2B_30SVJ_20180618_0_L2A;S2B_30SVJ_20180618_1_L2A,1.0,0.6547,0.3453,0.0627,3100.1,31.3,0.0293,0.7,32.9,0.0,-0.0433,0.1413,0.1729,0.0013,nublado,2026-09-02T12:42:31+00:00
tablas-daimiel,2018-06-23,2,S2A_30SVJ_20180623_0_L2A;S2A_30SVJ_20180623_1_L2A,1.0,0.0008,0.9992,0.0587,3100.1,158.1,0.051,4.9,172.8,0.0,-0.0677,0.1673,0.198,0.0777,ok,2026-09-02T12:42:31+00:00
tablas-daimiel,2018-06-28,1,S2B_30SVJ_20180628_0_L2A,1.0,0.5294,0.4706,0.0632,3100.1,13.1,0.009,10.0,43.7,0.2,-0.0795,0.1231,0.1827,0.0673,nublado,2026-09-02T12:42:31+00:00
tablas-daimiel,2018-07-03,2,S2A_30SVJ_20180703_0_L2A;S2A_30SVJ_20180703_1_L2A,1.0,0.0013,0.9987,0.0466,3100.1,232.5,0.0751,9.1,328.0,248.6,-0.1048,0.2758,0.4444,0.8006,ok,2026-09-02T12:42:31+00:00
tablas-daimiel,2018-07-08,2,S2B_30SVJ_20180708_0_L2A;S2B_30SVJ_20180708_1_L2A,1.0,0.0011,0.9989,0.0557,3100.1,292.2,0.0944,15.5,340.0,282.1,-0.0807,0.165,0.2155,0.2377,ok,2026-09-02T12:42:49+00:00
tablas-daimiel,2018-07-13,1,S2A_30SVJ_20180713_0_L2A,1.0,0.0011,0.9989,0.0552,3100.1,274.6,0.0887,11.6,317.6,143.0,-0.0518,0.1361,0.181,0.0237,ok,2026-09-02T12:42:31+00:00
tablas-daimiel,2018-07-18,2,S2B_30SVJ_20180718_0_L2A;S2B_30SVJ_20180718_1_L2A,1.0,0.0014,0.9986,0.0531,3100.1,259.4,0.0838,11.3,305.0,254.7,-0.028,0.1544,0.2097,0.1434,ok,2026-09-02T12:42:49+00:00
tablas-daimiel,2018-07-23,1,S2A_30SVJ_20180723_0_L2A,1.0,0.0015,0.9985,0.0497,3100.1,232.3,0.0751,8.5,294.4,211.2,-0.0273,0.1325,0.189,0.0687,ok,2026-09-02T12:42:31+00:00
tablas-daimiel,2018-07-28,1,S2B_30SVJ_20180728_0_L2A,1.0,0.0021,0.9979,0.05,3100.1,228.6,0.0739,10.5,271.2,269.4,-0.007,0.143,0.211,0.1335,ok,2026-09-02T12:42:49+00:00
tablas-daimiel,2018-08-02,2,S2A_30SVJ_20180802_0_L2A;S2A_30SVJ_20180802_1_L2A,1.0,0.001,0.999,0.0642,3100.1,184.1,0.0594,4.6,134.1,0.0,0.0001,0.1192,0.1474,0.0004,ok,2026-09-02T12:42:49+00:00
tablas-daimiel,2018-08-07,2,S2B_30SVJ_20180807_0_L2A;S2B_30SVJ_20180807_1_L2A,1.0,0.0007,0.9993,0.0779,3100.1,149.6,0.0483,5.0,83.2,0.0,-0.0151,0.1295,0.1433,0.0,ok,2026-09-02T12:42:49+00:00
tablas-daimiel,2018-08-12,3,S2A_30SVJ_20180812_0_L2A;S2A_30SVJ_20180812_1_L2A;S2A_30SVJ_20180812_2_L2A,1.0,0.0173,0.9827,0.0613,3100.1,233.2,0.0766,14.5,209.8,0.9,-0.0679,0.1919,0.2398,0.6044,ok,2026-09-02T12:42:49+00:00
tablas-daimiel,2018-08-17,2,S2B_30SVJ_20180817_0_L2A;S2B_30SVJ_20180817_1_L2A,1.0,0.0087,0.9913,0.0638,3100.1,306.6,0.0998,41.4,262.7,225.7,-0.1115,0.1888,0.305,0.5339,ok,2026-09-02T12:42:59+00:00
tablas-daimiel,2018-08-22,2,S2A_30SVJ_20180822_0_L2A;S2A_30SVJ_20180822_1_L2A,1.0,0.0108,0.9892,0.0641,3100.1,305.5,0.0996,39.4,254.6,142.7,-0.0791,0.1813,0.3054,0.4997,ok,2026-09-02T12:42:49+00:00
tablas-daimiel,2018-08-27,2,S2B_30SVJ_20180827_0_L2A;S2B_30SVJ_20180827_1_L2A,1.0,0.0156,0.9844,0.0555,3100.1,246.4,0.0808,39.6,207.8,159.8,-0.1087,0.2367,0.3714,0.6325,ok,2026-09-02T12:42:49+00:00
tablas-daimiel,2018-09-01,2,S2A_30SVJ_20180901_0_L2A;S2A_30SVJ_20180901_1_L2A,1.0,0.021,0.979,0.0645,3100.1,222.0,0.0732,27.8,211.4,0.6,-0.1316,0.2596,0.3878,0.6757,ok,2026-09-02T12:42:49+00:00
tablas-daimiel,2018-09-06,1,S2B_30SVJ_20180906_0_L2A,1.0,0.1508,0.8492,0.0673,3100.1,195.0,0.0741,41.7,195.9,137.2,-0.1955,0.3192,0.4504,0.7465,ok,2026-09-02T12:42:49+00:00
tablas-daimiel,2018-09-11,1,S2A_30SVJ_20180911_0_L2A,1.0,0.0409,0.9591,0.0597,3100.1,197.8,0.0665,37.8,213.5,146.9,-0.168,0.3245,0.448,0.7523,ok,2026-09-02T12:42:49+00:00
tablas-daimiel,2018-09-16,2,S2B_30SVJ_20180916_0_L2A;S2B_30SVJ_20180916_1_L2A,1.0,0.0246,0.9754,0.055,3100.1,191.2,0.0632,68.3,216.2,184.8,-0.1818,0.3108,0.4759,0.6756,ok,2026-09-02T12:42:49+00:00
tablas-daimiel,2018-09-21,2,S2A_30SVJ_20180921_0_L2A;S2A_30SVJ_20180921_1_L2A,1.0,0.0244,0.9756,0.0465,3100.1,203.8,0.0674,49.8,215.7,169.8,-0.1578,0.3021,0.4636,0.6507,ok,2026-09-02T12:42:59+00:00
tablas-daimiel,2018-09-26,1,S2B_30SVJ_20180926_0_L2A,1.0,0.7488,0.2512,0.1238,3100.1,131.8,0.1692,48.5,122.5,22.8,-0.1385,0.1802,0.3134,0.4613,nublado,2026-09-02T12:42:59+00:00
tablas-daimiel,2018-10-01,2,S2A_30SVJ_20181001_0_L2A;S2A_30SVJ_20181001_1_L2A,1.0,0.0278,0.9722,0.0524,3100.1,98.3,0.0326,137.3,194.0,143.2,-0.1236,0.187,0.3802,0.3516,ok,2026-09-02T12:42:59+00:00
tablas-daimiel,2018-10-06,1,S2B_30SVJ_20181006_0_L2A,1.0,0.0282,0.9718,0.0532,3100.1,108.9,0.0362,117.2,195.2,162.4,-0.1587,0.2384,0.4462,0.498,ok,2026-09-02T12:42:59+00:00
tablas-daimiel,2018-10-16,1,S2B_30SVJ_20181016_0_L2A,1.0,0.0106,0.9894,0.0439,3100.1,150.3,0.049,87.3,192.2,183.6,-0.1652,0.2898,0.4813,0.6013,ok,2026-09-02T12:42:59+00:00
tablas-daimiel,2018-10-21,1,S2A_30SVJ_20181021_1_L2A,1.0,0.6278,0.3722,0.0771,3100.1,0.0,0.0,0.2,0.0,7.8,,,,,nublado,2026-09-02T12:42:59+00:00
tablas-daimiel,2018-11-15,1,S2B_30SVJ_20181115_0_L2A,1.0,0.4854,0.5146,0.0844,3100.1,0.2,0.0002,4.4,2.1,31.5,-0.0545,0.0686,0.1154,0.0,nublado,2026-09-02T12:42:59+00:00
tablas-daimiel,2018-11-30,1,S2A_30SVJ_20181130_0_L2A,1.0,0.0313,0.9687,0.0364,3100.1,162.2,0.054,19.3,182.6,192.6,-0.1168,0.3062,0.4124,0.8229,ok,2026-09-02T12:42:59+00:00
tablas-daimiel,2018-12-05,1,S2B_30SVJ_20181205_0_L2A,1.0,0.3734,0.6266,0.0629,3100.1,98.9,0.0509,5.0,100.7,0.0,-0.0804,0.2009,0.2747,0.5473,nublado,2026-09-02T12:42:59+00:00
tablas-daimiel,2018-12-10,1,S2A_30SVJ_20181210_0_L2A,1.0,0.0376,0.9624,0.042,3100.1,68.2,0.0228,6.7,120.6,117.2,-0.0809,0.2488,0.3199,0.8269,ok,2026-09-02T12:42:59+00:00
tablas-daimiel,2018-12-15,1,S2B_30SVJ_20181215_0_L2A,1.0,0.0966,0.9034,0.0361,3100.1,95.3,0.034,2.2,114.6,140.5,-0.2202,0.4219,0.5147,0.9727,ok,2026-09-02T12:42:59+00:00
tablas-daimiel,2018-12-30,1,S2A_30SVJ_20181230_0_L2A,1.0,0.014,0.986,0.0377,3100.1,129.7,0.0424,8.8,184.2,204.4,-0.1136,0.2398,0.3169,0.7601,ok,2026-09-02T12:43:09+00:00
tablas-daimiel,2019-01-04,1,S2B_30SVJ_20190104_0_L2A,1.0,0.0127,0.9873,0.0503,3100.1,187.6,0.0613,14.9,195.0,208.6,-0.0963,0.1504,0.2521,0.2446,ok,2026-09-02T12:43:09+00:00
tablas-daimiel,2019-01-09,1,S2A_30SVJ_20190109_0_L2A,1.0,0.0127,0.9873,0.0423,3100.1,149.5,0.0488,7.1,195.4,205.2,-0.0925,0.1673,0.2754,0.258,ok,2026-09-02T12:43:09+00:00
tablas-daimiel,2019-01-14,1,S2B_30SVJ_20190114_0_L2A,1.0,0.0161,0.9839,0.0484,3100.1,160.3,0.0526,6.3,194.6,203.9,-0.0954,0.1631,0.2876,0.237,ok,2026-09-02T12:43:09+00:00
tablas-daimiel,2019-01-19,1,S2A_30SVJ_20190119_0_L2A,1.0,0.5757,0.4243,0.1088,3100.1,0.0,0.0,0.0,0.0,16.0,,,,,nublado,2026-09-02T12:43:09+00:00
tablas-daimiel,2019-02-03,1,S2B_30SVJ_20190203_0_L2A,1.0,0.0112,0.9888,0.0471,3100.1,165.7,0.0541,8.3,195.8,204.0,-0.1466,0.223,0.3243,0.7031,ok,2026-09-02T12:43:09+00:00
tablas-daimiel,2019-02-08,2,S2A_30SVJ_20190208_0_L2A;S2A_30SVJ_20190208_1_L2A,1.0,0.0099,0.9901,0.0472,3100.1,158.7,0.0517,5.2,215.6,203.8,-0.1106,0.1918,0.3247,0.6328,ok,2026-09-02T12:43:09+00:00
tablas-daimiel,2019-02-13,1,S2B_30SVJ_20190213_0_L2A,1.0,0.9938,0.0062,0.1667,3100.1,0.0,0.0,0.0,0.0,0.0,,,,,nublado,2026-09-02T12:43:09+00:00
tablas-daimiel,2019-02-28,1,S2A_30SVJ_20190228_0_L2A,1.0,0.5681,0.4319,0.0491,3100.1,78.8,0.0588,0.6,148.6,98.4,-0.0597,0.1557,0.2116,0.1386,nublado,2026-09-02T12:43:09+00:00
tablas-daimiel,2019-03-05,1,S2B_30SVJ_20190305_0_L2A,1.0,0.6038,0.3962,0.0908,3100.1,7.8,0.0064,5.4,27.0,33.6,-0.1112,0.0257,0.1345,0.0051,nublado,2026-09-02T12:43:09+00:00
tablas-daimiel,2019-03-10,1,S2A_30SVJ_20190310_0_L2A,1.0,0.0099,0.9901,0.0547,3100.1,184.1,0.06,1.5,244.5,203.4,-0.1078,0.124,0.2086,0.1171,ok,2026-09-02T12:43:09+00:00
tablas-daimiel,2019-03-15,1,S2B_30SVJ_20190315_0_L2A,1.0,0.0107,0.9893,0.0605,3100.1,212.0,0.0691,3.0,241.0,205.5,-0.0912,0.0996,0.2113,0.1088,ok,2026-09-02T12:43:09+00:00
tablas-daimiel,2019-03-20,1,S2A_30SVJ_20190320_0_L2A,1.0,0.0135,0.9865,0.0596,3100.1,184.5,0.0603,1.5,242.8,187.0,-0.0866,0.1101,0.226,0.1184,ok,2026-09-02T12:43:27+00:00
tablas-daimiel,2019-03-25,2,S2B_30SVJ_20190325_0_L2A;S2B_30SVJ_20190325_1_L2A,1.0,0.0055,0.9945,0.0694,3100.1,213.4,0.0692,1.6,229.0,204.4,-0.0481,0.0585,0.1535,0.0343,ok,2026-09-02T12:43:27+00:00
tablas-daimiel,2019-03-30,2,S2A_30SVJ_20190330_0_L2A;S2A_30SVJ_20190330_1_L2A,1.0,0.0054,0.9946,0.0691,3100.1,186.8,0.0606,0.9,237.4,175.6,-0.0607,0.075,0.141,0.0413,ok,2026-09-02T12:43:27+00:00
tablas-daimiel,2019-04-04,2,S2B_30SVJ_20190404_0_L2A;S2B_30SVJ_20190404_1_L2A,1.0,0.0047,0.9953,0.0632,3100.1,206.6,0.067,2.0,242.9,220.0,-0.0896,0.0949,0.1847,0.0856,ok,2026-09-02T12:43:27+00:00
tablas-daimiel,2019-04-14,2,S2B_30SVJ_20190414_0_L2A;S2B_30SVJ_20190414_1_L2A,1.0,0.0742,0.9258,0.0749,3100.1,126.8,0.0442,2.0,166.2,62.0,-0.074,0.0968,0.1496,0.0388,ok,2026-09-02T12:43:27+00:00
tablas-daimiel,2019-04-29,2,S2A_30SVJ_20190429_0_L2A;S2A_30SVJ_20190429_1_L2A,1.0,0.0162,0.9838,0.0585,3100.1,171.6,0.0563,2.8,262.4,168.6,-0.1223,0.1449,0.2253,0.1359,ok,2026-09-02T12:43:27+00:00
tablas-daimiel,2019-05-04,2,S2B_30SVJ_20190504_0_L2A;S2B_30SVJ_20190504_1_L2A,1.0,0.0071,0.9929,0.0589,3100.1,205.9,0.0669,11.0,251.7,208.0,-0.0989,0.1382,0.2142,0.1315,ok,2026-09-02T12:43:27+00:00
tablas-daimiel,2019-05-14,2,S2B_30SVJ_20190514_0_L2A;S2B_30SVJ_20190514_2_L2A,1.0,0.009,0.991,0.0639,3100.1,232.0,0.0755,8.4,257.8,204.8,-0.1884,0.2359,0.4028,0.4571,ok,2026-09-02T12:43:27+00:00
tablas-daimiel,2019-05-19,2,S2A_30SVJ_20190519_0_L2A;S2A_30SVJ_20190519_1_L2A,1.0,0.4181,0.5819,0.0867,3100.1,148.2,0.0821,9.2,179.2,114.4,-0.1898,0.2355,0.394,0.5579,nublado,2026-09-02T12:43:27+00:00
tablas-daimiel,2019-05-24,1,S2B_30SVJ_20190524_0_L2A,1.0,0.9104,0.0896,0.1132,3100.1,34.1,0.1228,5.9,39.6,12.2,-0.2571,0.2649,0.3945,0.7116,nublado,2026-09-02T12:43:27+00:00
tablas-daimiel,2019-05-29,2,S2A_30SVJ_20190529_0_L2A;S2A_30SVJ_20190529_1_L2A,1.0,0.0181,0.9819,0.064,3100.1,195.4,0.0642,3.1,234.8,127.4,-0.1827,0.3387,0.591,0.8999,ok,2026-09-02T12:43:27+00:00
tablas-daimiel,2019-06-03,2,S2B_30SVJ_20190603_0_L2A;S2B_30SVJ_20190603_1_L2A,1.0,0.7722,0.2278,0.0808,3100.1,41.2,0.0583,10.8,51.0,6.4,-0.1204,0.2074,0.2607,0.6233,nublado,2026-09-02T12:43:27+00:00
tablas-daimiel,2019-06-08,2,S2A_30SVJ_20190608_0_L2A;S2A_30SVJ_20190608_1_L2A,1.0,0.6325,0.3675,0.0684,3100.1,7.2,0.0064,0.0,2.4,0.0,-0.0289,0.1732,0.1955,0.0442,nublado,2026-09-02T12:43:44+00:00
tablas-daimiel,2019-06-13,2,S2B_30SVJ_20190613_0_L2A;S2B_30SVJ_20190613_1_L2A,1.0,0.0631,0.9369,0.0858,3100.1,149.5,0.0515,5.4,154.4,80.2,-0.1211,0.2286,0.3035,0.7055,ok,2026-09-02T12:43:44+00:00
tablas-daimiel,2019-06-18,2,S2A_30SVJ_20190618_0_L2A;S2A_30SVJ_20190618_1_L2A,1.0,0.0243,0.9757,0.073,3100.1,167.7,0.0554,3.4,201.5,63.2,-0.1156,0.2421,0.3212,0.7164,ok,2026-09-02T12:43:44+00:00
tablas-daimiel,2019-06-23,2,S2B_30SVJ_20190623_0_L2A;S2B_30SVJ_20190623_1_L2A,1.0,0.0483,0.9517,0.0829,3100.1,176.2,0.0597,8.7,178.4,51.7,-0.1,0.1952,0.3271,0.4681,ok,2026-09-02T12:43:44+00:00
tablas-daimiel,2019-06-28,2,S2A_30SVJ_20190628_0_L2A;S2A_30SVJ_20190628_1_L2A,1.0,0.017,0.983,0.0826,3100.1,82.6,0.0271,5.0,46.7,46.2,-0.087,0.2598,0.2969,0.9293,ok,2026-09-02T12:43:44+00:00
tablas-daimiel,2019-07-03,2,S2B_30SVJ_20190703_0_L2A;S2B_30SVJ_20190703_1_L2A,1.0,0.0177,0.9823,0.079,3100.1,73.1,0.024,90.2,169.4,108.0,-0.0862,0.1545,0.2971,0.2748,ok,2026-09-02T12:43:44+00:00
tablas-daimiel,2019-07-08,2,S2A_30SVJ_20190708_0_L2A;S2A_30SVJ_20190708_1_L2A,1.0,0.0563,0.9437,0.0832,3100.1,77.6,0.0265,89.0,120.5,75.9,-0.0592,0.1211,0.1884,0.0696,ok,2026-09-02T12:43:44+00:00
tablas-daimiel,2019-07-13,1,S2B_30SVJ_20190713_0_L2A,1.0,0.6508,0.3492,0.1016,3100.1,1.0,0.0009,6.4,1.2,6.6,-0.0127,0.1154,0.2147,0.12,nublado,2026-09-02T12:43:44+00:00
tablas-daimiel,2019-07-18,2,S2A_30SVJ_20190718_0_L2A;S2A_30SVJ_20190718_1_L2A,1.0,0.0187,0.9813,0.0801,3100.1,70.3,0.0231,69.3,127.0,60.7,-0.0748,0.1583,0.2285,0.2196,ok,2026-09-02T12:43:44+00:00
tablas-daimiel,2019-07-23,2,S2B_30SVJ_20190723_0_L2A;S2B_30SVJ_20190723_1_L2A,1.0,0.0151,0.9849,0.087,3100.1,41.6,0.0136,58.8,39.8,45.0,-0.0015,0.1482,0.1973,0.0885,ok,2026-09-02T12:43:44+00:00
tablas-daimiel,2019-07-28,2,S2A_30SVJ_20190728_0_L2A;S2A_30SVJ_20190728_1_L2A,1.0,0.0036,0.9964,0.072,3100.1,84.9,0.0275,60.6,86.8,74.1,-0.0712,0.1935,0.2479,0.4301,ok,2026-09-02T12:43:44+00:00
tablas-daimiel,2019-08-02,2,S2B_30SVJ_20190802_0_L2A;S2B_30SVJ_20190802_1_L2A,1.0,0.0038,0.9962,0.0734,3100.1,86.1,0.0279,60.3,86.9,81.6,-0.0911,0.2285,0.2889,0.7737,ok,2026-09-02T12:43:44+00:00
tablas-daimiel,2019-08-12,2,S2B_30SVJ_20190812_0_L2A;S2B_30SVJ_20190812_1_L2A,1.0,0.0051,0.9949,0.079,3100.1,89.6,0.0291,52.9,86.8,82.5,-0.1032,0.2583,0.3319,0.8447,ok,2026-09-02T12:44:00+00:00
tablas-daimiel,2019-08-17,2,S2A_30SVJ_20190817_0_L2A;S2A_30SVJ_20190817_1_L2A,1.0,0.0057,0.9943,0.0748,3100.1,84.4,0.0274,40.6,93.6,59.7,-0.1209,0.2893,0.3646,0.9138,ok,2026-09-02T12:44:00+00:00
tablas-daimiel,2019-08-22,2,S2B_30SVJ_20190822_0_L2A;S2B_30SVJ_20190822_1_L2A,1.0,0.0036,0.9964,0.0805,3100.1,76.2,0.0247,41.2,63.7,73.6,-0.0847,0.2577,0.3105,0.8824,ok,2026-09-02T12:44:00+00:00
tablas-daimiel,2019-08-27,2,S2A_30SVJ_20190827_0_L2A;S2A_30SVJ_20190827_1_L2A,1.0,0.0123,0.9877,0.0784,3100.1,72.0,0.0235,24.6,70.0,51.0,-0.0811,0.2553,0.3035,0.8649,ok,2026-09-02T12:44:00+00:00
tablas-daimiel,2019-09-01,2,S2B_30SVJ_20190901_0_L2A;S2B_30SVJ_20190901_1_L2A,1.0,0.0018,0.9982,0.0787,3100.1,80.8,0.0261,10.6,75.3,52.9,-0.1075,0.241,0.2974,0.7737,ok,2026-09-02T12:44:00+00:00
tablas-daimiel,2019-09-06,2,S2A_30SVJ_20190906_0_L2A;S2A_30SVJ_20190906_1_L2A,1.0,0.004,0.996,0.0662,3100.1,58.2,0.0189,2.8,60.5,42.4,-0.1299,0.3016,0.4369,0.774,ok,2026-09-02T12:44:00+00:00
tablas-daimiel,2019-09-11,2,S2B_30SVJ_20190911_0_L2A;S2B_30SVJ_20190911_1_L2A,1.0,0.031,0.969,0.0708,3100.1,55.7,0.0185,4.1,52.2,43.9,-0.0965,0.2555,0.4108,0.6307,ok,2026-09-02T12:44:00+00:00
tablas-daimiel,2019-09-16,2,S2A_30SVJ_20190916_0_L2A;S2A_30SVJ_20190916_1_L2A,1.0,0.0101,0.9899,0.0798,3100.1,57.6,0.0188,4.8,53.2,43.8,-0.0983,0.2423,0.299,0.7978,ok,2026-09-02T12:44:00+00:00
tablas-daimiel,2019-09-26,2,S2A_30SVJ_20190926_0_L2A;S2A_30SVJ_20190926_1_L2A,1.0,0.0025,0.9975,0.0548,3100.1,35.6,0.0115,11.8,44.8,45.4,-0.1918,0.4187,0.4953,0.9753,ok,2026-09-02T12:44:00+00:00
tablas-daimiel,2019-10-01,2,S2B_30SVJ_20191001_0_L2A;S2B_30SVJ_20191001_1_L2A,1.0,0.0506,0.9494,0.0668,3100.1,21.6,0.0073,17.9,30.2,34.6,-0.1764,0.3647,0.5707,0.9239,ok,2026-09-02T12:44:00+00:00
tablas-daimiel,2019-10-06,2,S2A_30SVJ_20191006_0_L2A;S2A_30SVJ_20191006_1_L2A,1.0,0.003,0.997,0.0615,3100.1,31.6,0.0102,14.0,38.0,39.8,-0.1795,0.3686,0.51,0.9582,ok,2026-09-02T12:44:00+00:00
tablas-daimiel,2019-10-16,2,S2A_30SVJ_20191016_0_L2A;S2A_30SVJ_20191016_1_L2A,1.0,0.0772,0.9228,0.0524,3100.1,17.3,0.0061,9.8,29.5,32.6,-0.3198,0.5677,0.7229,0.9815,ok,2026-09-02T12:44:00+00:00
tablas-daimiel,2019-10-21,2,S2B_30SVJ_20191021_0_L2A;S2B_30SVJ_20191021_1_L2A,1.0,0.061,0.939,0.0711,3100.1,33.2,0.0114,10.8,30.1,57.4,-0.1597,0.3365,0.4445,0.9277,ok,2026-09-02T12:44:14+00:00
tablas-daimiel,2019-10-26,2,S2A_30SVJ_20191026_0_L2A;S2A_30SVJ_20191026_1_L2A,1.0,0.0021,0.9979,0.0526,3100.1,26.5,0.0086,5.7,27.0,42.0,-0.1656,0.3643,0.5342,0.9502,ok,2026-09-02T12:44:14+00:00
tablas-daimiel,2019-11-05,2,S2A_30SVJ_20191105_0_L2A;S2A_30SVJ_20191105_1_L2A,1.0,0.6884,0.3116,0.0888,3100.1,6.0,0.0063,2.4,6.4,14.4,-0.1591,0.2735,0.3816,0.7881,nublado,2026-09-02T12:44:14+00:00
tablas-daimiel,2019-11-15,2,S2A_30SVJ_20191115_0_L2A;S2A_30SVJ_20191115_1_L2A,1.0,0.0147,0.9853,0.0567,3100.1,26.9,0.0088,1.0,20.4,38.7,-0.048,0.287,0.3578,0.9167,ok,2026-09-02T12:44:14+00:00
tablas-daimiel,2019-11-30,2,S2B_30SVJ_20191130_0_L2A;S2B_30SVJ_20191130_1_L2A,1.0,0.8175,0.1825,0.1142,3100.1,1.5,0.0026,0.6,2.4,7.2,-0.0724,0.0361,0.0816,0.0,nublado,2026-09-02T12:44:14+00:00
tablas-daimiel,2019-12-10,2,S2B_30SVJ_20191210_0_L2A;S2B_30SVJ_20191210_1_L2A,1.0,0.9977,0.0023,0.1726,3100.1,0.5,0.0686,0.2,0.1,0.0,-0.0676,0.0358,0.0514,0.0,nublado,2026-09-02T12:44:14+00:00
tablas-daimiel,2019-12-15,1,S2A_30SVJ_20191215_0_L2A,1.0,0.562,0.438,0.1388,3100.1,0.0,0.0,0.4,2.6,23.2,,,,,nublado,2026-09-02T12:44:14+00:00
tablas-daimiel,2019-12-25,2,S2A_30SVJ_20191225_0_L2A;S2A_30SVJ_20191225_1_L2A,1.0,0.7972,0.2028,0.1418,3100.1,1.0,0.0016,0.1,4.6,8.5,-0.0351,0.0391,0.0519,0.0,nublado,2026-09-02T12:44:14+00:00
tablas-daimiel,2019-12-30,1,S2B_30SVJ_20191230_1_L2A,1.0,1.0,0.0,,3100.1,0.0,0.0,0.0,0.0,0.0,,,,,nublado,2026-09-02T12:44:14+00:00
tablas-daimiel,2020-01-04,2,S2A_30SVJ_20200104_0_L2A;S2A_30SVJ_20200104_1_L2A,1.0,0.1188,0.8812,0.0872,3100.1,18.2,0.0067,2.7,19.3,37.6,-0.1384,0.2594,0.3656,0.7807,ok,2026-09-02T12:44:14+00:00
tablas-daimiel,2020-01-09,2,S2B_30SVJ_20200109_0_L2A;S2B_30SVJ_20200109_1_L2A,1.0,1.0,0.0,,3100.1,0.0,0.0,0.0,0.0,0.0,,,,,nublado,2026-09-02T12:44:14+00:00
tablas-daimiel,2020-01-14,2,S2A_30SVJ_20200114_0_L2A;S2A_30SVJ_20200114_1_L2A,1.0,0.0002,0.9998,0.0495,3100.1,37.5,0.0121,6.4,36.3,60.2,-0.1074,0.3586,0.4341,0.9861,ok,2026-09-02T12:44:32+00:00
tablas-daimiel,2020-02-03,1,S2A_30SVJ_20200203_1_L2A,1.0,1.0,0.0,,3100.1,0.0,0.0,0.0,0.0,83.6,,,,,nublado,2026-09-02T12:44:14+00:00
tablas-daimiel,2020-02-23,2,S2A_30SVJ_20200223_0_L2A;S2A_30SVJ_20200223_1_L2A,1.0,0.0002,0.9998,0.0509,3100.1,26.2,0.0084,9.0,27.2,39.5,-0.0955,0.2902,0.4333,0.6544,ok,2026-09-02T12:44:32+00:00
tablas-daimiel,2020-03-14,2,S2A_30SVJ_20200314_0_L2A;S2A_30SVJ_20200314_1_L2A,1.0,0.0024,0.9976,0.0594,3100.1,18.3,0.0059,13.8,22.9,27.8,-0.1422,0.3472,0.4439,0.93,ok,2026-09-02T12:44:32+00:00
tablas-daimiel,2020-03-19,2,S2B_30SVJ_20200319_0_L2A;S2B_30SVJ_20200319_1_L2A,1.0,0.0115,0.9885,0.1204,3100.1,0.0,0.0,0.0,0.0,37.2,,,,,neblina,2026-09-02T12:44:32+00:00
tablas-daimiel,2020-03-29,2,S2B_30SVJ_20200329_0_L2A;S2B_30SVJ_20200329_1_L2A,1.0,0.2833,0.7167,0.0579,3100.1,28.0,0.0126,10.4,23.2,2.6,-0.0652,0.0734,0.1282,0.0071,nublado,2026-09-02T12:44:32+00:00
tablas-daimiel,2020-04-03,2,S2A_30SVJ_20200403_0_L2A;S2A_30SVJ_20200403_1_L2A,1.0,0.3397,0.6603,0.0704,3100.1,62.4,0.0305,3.5,73.3,65.6,-0.1539,0.1684,0.4733,0.2854,nublado,2026-09-02T12:44:32+00:00
tablas-daimiel,2020-04-08,4,S2B_30SVJ_20200408_0_L2A;S2B_30SVJ_20200408_1_L2A;S2B_30SVJ_20200408_2_L2A;S2B_30SVJ_20200408_3_L2A,1.0,0.1366,0.8634,0.0707,3100.1,144.0,0.0538,6.2,154.4,106.9,-0.1493,0.1423,0.424,0.2894,ok,2026-09-02T12:44:32+00:00
tablas-daimiel,2020-05-03,2,S2A_30SVJ_20200503_0_L2A;S2A_30SVJ_20200503_1_L2A,1.0,0.2558,0.7442,0.0564,3100.1,95.4,0.0414,1.4,122.8,35.2,-0.0241,0.0432,0.1272,0.0218,nublado,2026-09-02T12:44:32+00:00
tablas-daimiel,2020-05-08,2,S2B_30SVJ_20200508_0_L2A;S2B_30SVJ_20200508_1_L2A,1.0,0.0031,0.9969,0.0573,3100.1,168.8,0.0546,1.6,198.2,107.8,-0.0717,0.1128,0.2433,0.2339,ok,2026-09-02T12:44:32+00:00
tablas-daimiel,2020-05-18,2,S2B_30SVJ_20200518_0_L2A;S2B_30SVJ_20200518_1_L2A,1.0,0.001,0.999,0.0535,3100.1,157.4,0.0508,3.4,189.4,150.9,0.0041,0.0211,0.1398,0.0285,ok,2026-09-02T12:44:32+00:00
tablas-daimiel,2020-05-23,2,S2A_30SVJ_20200523_0_L2A;S2A_30SVJ_20200523_1_L2A,1.0,0.8813,0.1187,0.0715,3100.1,26.5,0.0721,0.7,41.1,0.0,0.013,0.1049,0.1538,0.009,nublado,2026-09-02T12:44:32+00:00
tablas-daimiel,2020-05-28,2,S2B_30SVJ_20200528_0_L2A;S2B_30SVJ_20200528_1_L2A,1.0,0.0007,0.9993,0.0651,3100.1,125.3,0.0404,10.4,137.0,44.0,0.0028,0.1086,0.171,0.0447,ok,2026-09-02T12:44:32+00:00
tablas-daimiel,2020-06-07,2,S2B_30SVJ_20200607_0_L2A;S2B_30SVJ_20200607_1_L2A,1.0,0.0027,0.9973,0.0627,3100.1,135.1,0.0437,15.5,141.7,47.3,-0.019,0.1459,0.214,0.135,ok,2026-09-02T12:44:51+00:00
tablas-daimiel,2020-06-12,2,S2A_30SVJ_20200612_0_L2A;S2A_30SVJ_20200612_1_L2A,1.0,0.5522,0.4478,0.0919,3100.1,18.6,0.0134,6.9,26.9,24.7,-0.1045,0.1039,0.1719,0.0473,nublado,2026-09-02T12:44:51+00:00
tablas-daimiel,2020-06-17,2,S2B_30SVJ_20200617_0_L2A;S2B_30SVJ_20200617_1_L2A,1.0,0.0049,0.9951,0.0642,3100.1,124.4,0.0403,9.1,127.4,83.6,0.0143,0.1591,0.2538,0.3404,ok,2026-09-02T12:44:51+00:00
tablas-daimiel,2020-06-22,2,S2A_30SVJ_20200622_0_L2A;S2A_30SVJ_20200622_1_L2A,1.0,0.0042,0.9958,0.0723,3100.1,118.6,0.0384,6.1,118.4,62.8,0.0027,0.1091,0.1611,0.0125,ok,2026-09-02T12:44:51+00:00
tablas-daimiel,2020-06-27,2,S2B_30SVJ_20200627_0_L2A;S2B_30SVJ_20200627_1_L2A,1.0,0.0055,0.9945,0.0677,3100.1,74.4,0.0241,5.3,100.4,89.6,0.093,0.1807,0.2658,0.3887,ok,2026-09-02T12:44:51+00:00
tablas-daimiel,2020-07-02,2,S2A_30SVJ_20200702_0_L2A;S2A_30SVJ_20200702_1_L2A,1.0,0.0062,0.9938,0.0649,3100.1,35.8,0.0116,5.4,87.4,49.2,0.0932,0.1458,0.2346,0.1998,ok,2026-09-02T12:44:51+00:00
tablas-daimiel,2020-07-07,2,S2B_30SVJ_20200707_0_L2A;S2B_30SVJ_20200707_1_L2A,1.0,0.0034,0.9966,0.0821,3100.1,51.8,0.0168,8.9,41.5,38.3,0.029,0.1049,0.1444,0.017,ok,2026-09-02T12:44:51+00:00
tablas-daimiel,2020-07-12,2,S2A_30SVJ_20200712_0_L2A;S2A_30SVJ_20200712_1_L2A,1.0,0.1317,0.8683,0.0886,3100.1,0.6,0.0002,2.7,1.1,32.2,-0.0013,0.1181,0.1451,0.0,ok,2026-09-02T12:44:51+00:00
tablas-daimiel,2020-07-17,2,S2B_30SVJ_20200717_0_L2A;S2B_30SVJ_20200717_1_L2A,1.0,0.4056,0.5944,0.082,3100.1,41.4,0.0225,4.9,31.4,0.0,-0.003,0.1224,0.156,0.0019,nublado,2026-09-02T12:44:51+00:00
tablas-daimiel,2020-07-22,2,S2A_30SVJ_20200722_0_L2A;S2A_30SVJ_20200722_1_L2A,1.0,0.0178,0.9822,0.0751,3100.1,49.0,0.0161,3.8,52.2,33.3,-0.0174,0.1632,0.1945,0.0711,ok,2026-09-02T12:44:51+00:00
tablas-daimiel,2020-07-27,2,S2B_30SVJ_20200727_0_L2A;S2B_30SVJ_20200727_1_L2A,1.0,0.0038,0.9962,0.0759,3100.1,32.9,0.0106,2.0,38.2,29.8,-0.0119,0.1747,0.2077,0.1752,ok,2026-09-02T12:44:51+00:00
tablas-daimiel,2020-08-01,2,S2A_30SVJ_20200801_0_L2A;S2A_30SVJ_20200801_1_L2A,1.0,0.0055,0.9945,0.0693,3100.1,37.5,0.0122,1.1,42.6,27.6,-0.0448,0.2142,0.2603,0.6652,ok,2026-09-02T12:44:51+00:00
tablas-daimiel,2020-08-06,2,S2B_30SVJ_20200806_0_L2A;S2B_30SVJ_20200806_1_L2A,1.0,0.0045,0.9955,0.0754,3100.1,46.4,0.015,1.5,45.4,29.1,-0.0719,0.2069,0.2595,0.5578,ok,2026-09-02T12:45:08+00:00
tablas-daimiel,2020-08-16,2,S2B_30SVJ_20200816_0_L2A;S2B_30SVJ_20200816_1_L2A,1.0,0.0036,0.9964,0.0595,3100.1,37.2,0.0121,1.6,38.7,32.5,-0.1155,0.3382,0.4444,0.9613,ok,2026-09-02T12:45:08+00:00
tablas-daimiel,2020-08-21,2,S2A_30SVJ_20200821_0_L2A;S2A_30SVJ_20200821_1_L2A,1.0,0.0036,0.9964,0.0637,3100.1,32.7,0.0106,1.0,32.2,24.7,-0.0779,0.2611,0.3487,0.8655,ok,2026-09-02T12:45:08+00:00
tablas-daimiel,2020-08-26,2,S2B_30SVJ_20200826_0_L2A;S2B_30SVJ_20200826_1_L2A,1.0,0.0037,0.9963,0.0731,3100.1,31.3,0.0101,1.4,26.1,22.9,-0.0692,0.2145,0.2871,0.6143,ok,2026-09-02T12:45:08+00:00
tablas-daimiel,2020-08-31,2,S2A_30SVJ_20200831_0_L2A;S2A_30SVJ_20200831_1_L2A,1.0,0.0044,0.9956,0.0677,3100.1,22.4,0.0073,1.5,19.6,21.0,-0.0515,0.224,0.2848,0.7005,ok,2026-09-02T12:45:08+00:00
tablas-daimiel,2020-09-05,2,S2B_30SVJ_20200905_0_L2A;S2B_30SVJ_20200905_1_L2A,1.0,0.004,0.996,0.0722,3100.1,20.0,0.0065,2.0,16.5,19.8,-0.0666,0.2286,0.3376,0.6906,ok,2026-09-02T12:45:08+00:00
tablas-daimiel,2020-09-10,2,S2A_30SVJ_20200910_0_L2A;S2A_30SVJ_20200910_1_L2A,1.0,0.0036,0.9964,0.0707,3100.1,14.8,0.0048,1.1,13.7,18.8,-0.0759,0.2454,0.3291,0.7676,ok,2026-09-02T12:45:08+00:00
tablas-daimiel,2020-09-15,2,S2B_30SVJ_20200915_0_L2A;S2B_30SVJ_20200915_1_L2A,1.0,0.0251,0.9749,0.0781,3100.1,11.4,0.0038,2.0,8.1,16.5,-0.0651,0.2123,0.2797,0.5664,ok,2026-09-02T12:45:08+00:00
tablas-daimiel,2020-09-25,2,S2B_30SVJ_20200925_0_L2A;S2B_30SVJ_20200925_1_L2A,1.0,0.1071,0.8929,0.0624,3100.1,10.4,0.0037,0.7,7.4,42.5,-0.1125,0.2832,0.4081,0.7683,ok,2026-09-02T12:45:08+00:00
tablas-daimiel,2020-10-10,2,S2A_30SVJ_20201010_0_L2A;S2A_30SVJ_20201010_1_L2A,1.0,0.0022,0.9978,0.0621,3100.1,4.6,0.0015,1.7,5.6,23.2,-0.09,0.257,0.3715,0.7652,ok,2026-09-02T12:45:08+00:00
tablas-daimiel,2020-10-15,2,S2B_30SVJ_20201015_0_L2A;S2B_30SVJ_20201015_1_L2A,1.0,0.0034,0.9966,0.0604,3100.1,24.7,0.008,4.7,23.6,34.8,-0.1593,0.1666,0.2813,0.3042,ok,2026-09-02T12:45:08+00:00
tablas-daimiel,2020-10-30,2,S2A_30SVJ_20201030_0_L2A;S2A_30SVJ_20201030_1_L2A,1.0,0.001,0.999,0.0509,3100.1,68.0,0.022,3.2,78.2,78.6,-0.2158,0.1907,0.422,0.3145,ok,2026-09-02T12:45:08+00:00
tablas-daimiel,2020-11-19,2,S2A_30SVJ_20201119_0_L2A;S2A_30SVJ_20201119_1_L2A,1.0,0.0138,0.9862,0.0473,3100.1,63.7,0.0208,1.4,92.5,81.3,-0.1855,0.1214,0.265,0.1903,ok,2026-09-02T12:45:26+00:00
tablas-daimiel,2020-12-09,2,S2A_30SVJ_20201209_0_L2A;S2A_30SVJ_20201209_1_L2A,1.0,0.6886,0.3114,0.0749,3100.1,0.8,0.0009,0.0,5.7,25.5,-0.1543,0.145,0.2635,0.5714,nublado,2026-09-02T12:45:26+00:00
tablas-daimiel,2021-01-03,2,S2B_30SVJ_20210103_0_L2A;S2B_30SVJ_20210103_1_L2A,1.0,0.0012,0.9988,0.0423,3100.1,87.4,0.0282,7.1,111.0,146.9,-0.1793,0.0803,0.3211,0.237,ok,2026-09-02T12:45:26+00:00
tablas-daimiel,2021-01-13,2,S2B_30SVJ_20210113_0_L2A;S2B_30SVJ_20210113_1_L2A,1.0,0.0011,0.9989,0.0343,3100.1,15.9,0.0051,5.0,31.0,151.8,-0.1953,0.3813,0.8843,0.7286,incoherente,2026-09-02T12:45:26+00:00
tablas-daimiel,2021-01-18,2,S2A_30SVJ_20210118_0_L2A;S2A_30SVJ_20210118_1_L2A,1.0,0.0001,0.9999,0.0289,3100.1,7.5,0.0024,2.4,31.7,142.5,-0.2035,0.293,0.7124,0.5508,incoherente,2026-09-02T12:45:26+00:00
tablas-daimiel,2021-01-28,2,S2A_30SVJ_20210128_1_L2A;S2A_30SVJ_20210128_2_L2A,1.0,0.9941,0.0059,0.1909,3100.1,0.2,0.0109,0.0,3.0,42.2,-0.01,0.0256,0.0303,0.0,nublado,2026-09-02T12:45:26+00:00
tablas-daimiel,2021-02-12,2,S2B_30SVJ_20210212_0_L2A;S2B_30SVJ_20210212_1_L2A,1.0,0.3066,0.6934,0.064,3100.1,50.5,0.0235,4.0,62.6,118.8,-0.1045,0.0596,0.1535,0.0317,nublado,2026-09-02T12:45:26+00:00
tablas-daimiel,2021-02-17,2,S2A_30SVJ_20210217_0_L2A;S2A_30SVJ_20210217_1_L2A,1.0,0.9976,0.0024,0.0485,3100.1,0.0,0.0,0.0,0.0,0.0,,,,,nublado,2026-09-02T12:45:26+00:00
tablas-daimiel,2021-02-27,2,S2A_30SVJ_20210227_0_L2A;S2A_30SVJ_20210227_1_L2A,1.0,0.2082,0.7918,0.0542,3100.1,11.2,0.0046,1.5,84.7,40.8,-0.0185,0.0829,0.1547,0.0427,nublado,2026-09-02T12:45:26+00:00
tablas-daimiel,2021-03-04,2,S2B_30SVJ_20210304_0_L2A;S2B_30SVJ_20210304_1_L2A,1.0,0.0001,0.9999,0.1084,3100.1,0.0,0.0,0.0,0.0,44.3,,,,,ok,2026-09-02T12:45:26+00:00
tablas-daimiel,2021-03-14,2,S2B_30SVJ_20210314_0_L2A;S2B_30SVJ_20210314_1_L2A,1.0,0.0001,0.9999,0.0561,3100.1,105.0,0.0339,15.7,115.0,126.9,-0.0955,0.0979,0.2236,0.1242,ok,2026-09-02T12:45:26+00:00
tablas-daimiel,2021-03-24,2,S2B_30SVJ_20210324_0_L2A;S2B_30SVJ_20210324_1_L2A,1.0,0.0001,0.9999,0.0589,3100.1,98.2,0.0317,15.6,111.3,114.6,-0.0924,0.0785,0.2613,0.1519,ok,2026-09-02T12:46:14+00:00
tablas-daimiel,2021-03-29,2,S2A_30SVJ_20210329_0_L2A;S2A_30SVJ_20210329_1_L2A,1.0,0.6427,0.3573,0.0884,3100.1,0.2,0.0001,5.3,0.4,26.1,,,,,nublado,2026-09-02T12:45:26+00:00
tablas-daimiel,2021-04-03,2,S2B_30SVJ_20210403_0_L2A;S2B_30SVJ_20210403_1_L2A,1.0,0.4225,0.5775,0.0929,3100.1,5.9,0.0033,2.4,6.8,21.0,-0.1124,0.0703,0.1883,0.0952,nublado,2026-09-02T12:46:14+00:00
tablas-daimiel,2021-04-08,1,S2A_30SVJ_20210408_0_L2A,1.0,0.5217,0.4783,0.1694,3100.1,0.4,0.0003,1.2,0.5,22.4,-0.0877,0.0434,0.0523,0.0,nublado,2026-09-02T12:46:14+00:00
tablas-daimiel,2021-04-18,3,S2A_30SVJ_20210418_0_L2A;S2A_30SVJ_20210418_1_L2A;S2A_30SVJ_20210418_2_L2A,1.0,0.0003,0.9997,0.0573,3100.1,74.1,0.0239,15.8,94.1,77.1,-0.1021,0.1209,0.2395,0.1496,ok,2026-09-02T12:46:14+00:00
tablas-daimiel,2021-04-28,1,S2A_30SVJ_20210428_0_L2A,1.0,0.6775,0.3225,0.0678,3100.1,11.6,0.0116,27.4,22.8,31.2,-0.2022,0.0867,0.1861,0.0727,nublado,2026-09-02T12:46:14+00:00
tablas-daimiel,2021-05-08,2,S2A_30SVJ_20210508_0_L2A;S2A_30SVJ_20210508_1_L2A,1.0,0.7683,0.2317,0.0752,3100.1,1.4,0.0019,3.7,0.0,6.3,-0.0311,0.1139,0.1822,0.0857,nublado,2026-09-02T12:46:14+00:00
tablas-daimiel,2021-05-13,2,S2B_30SVJ_20210513_0_L2A;S2B_30SVJ_20210513_1_L2A,1.0,0.0003,0.9997,0.059,3100.1,71.4,0.023,16.3,79.6,63.6,-0.0771,0.1944,0.3678,0.2696,ok,2026-09-02T12:46:14+00:00
tablas-daimiel,2021-05-18,2,S2A_30SVJ_20210518_0_L2A;S2A_30SVJ_20210518_1_L2A,1.0,0.0004,0.9996,0.0594,3100.1,72.9,0.0235,18.2,83.5,40.1,-0.0564,0.152,0.3441,0.2448,ok,2026-09-02T12:46:14+00:00
tablas-daimiel,2021-06-02,2,S2B_30SVJ_20210602_0_L2A;S2B_30SVJ_20210602_1_L2A,1.0,0.9943,0.0057,0.0831,3100.1,0.0,0.0,0.0,0.0,0.0,,,,,nublado,2026-09-02T12:46:14+00:00
tablas-daimiel,2021-06-07,2,S2A_30SVJ_20210607_0_L2A;S2A_30SVJ_20210607_1_L2A,1.0,0.0233,0.9767,0.0763,3100.1,67.4,0.0223,25.5,69.8,47.7,-0.0738,0.1711,0.2933,0.2046,ok,2026-09-02T12:46:14+00:00
tablas-daimiel,2021-06-12,2,S2B_30SVJ_20210612_0_L2A;S2B_30SVJ_20210612_1_L2A,1.0,0.1386,0.8614,0.0864,3100.1,53.9,0.0202,13.5,52.8,31.1,-0.0224,0.1687,0.2369,0.1335,ok,2026-09-02T12:46:14+00:00
tablas-daimiel,2021-06-17,2,S2A_30SVJ_20210617_0_L2A;S2A_30SVJ_20210617_1_L2A,1.0,0.5497,0.4503,0.0813,3100.1,27.6,0.0198,13.2,27.0,21.0,-0.1142,0.2374,0.354,0.7406,nublado,2026-09-02T12:46:14+00:00
tablas-daimiel,2021-06-27,2,S2A_30SVJ_20210627_0_L2A;S2A_30SVJ_20210627_1_L2A,1.0,0.0007,0.9993,0.0696,3100.1,64.7,0.0209,14.1,62.0,32.2,-0.0406,0.1587,0.1907,0.0834,ok,2026-09-02T12:46:52+00:00
tablas-daimiel,2021-07-02,2,S2B_30SVJ_20210702_0_L2A;S2B_30SVJ_20210702_1_L2A,1.0,0.0014,0.9986,0.076,3100.1,65.9,0.0213,12.0,60.7,48.7,-0.0562,0.1621,0.1962,0.0795,ok,2026-09-02T12:46:52+00:00
tablas-daimiel,2021-07-07,2,S2A_30SVJ_20210707_0_L2A;S2A_30SVJ_20210707_1_L2A,1.0,0.0014,0.9986,0.0698,3100.1,58.2,0.0188,5.2,56.5,38.6,-0.0466,0.1689,0.2157,0.1685,ok,2026-09-02T12:46:52+00:00
tablas-daimiel,2021-07-12,2,S2B_30SVJ_20210712_0_L2A;S2B_30SVJ_20210712_1_L2A,1.0,0.0024,0.9976,0.0753,3100.1,58.5,0.0189,3.9,52.0,27.8,-0.0376,0.1422,0.1832,0.0554,ok,2026-09-02T12:46:52+00:00
tablas-daimiel,2021-07-17,2,S2A_30SVJ_20210717_0_L2A;S2A_30SVJ_20210717_1_L2A,1.0,0.0035,0.9965,0.0701,3100.1,45.1,0.0146,1.0,49.1,25.7,-0.0733,0.186,0.2509,0.2618,ok,2026-09-02T12:46:52+00:00
tablas-daimiel,2021-07-22,2,S2B_30SVJ_20210722_0_L2A;S2B_30SVJ_20210722_1_L2A,1.0,0.0036,0.9964,0.0751,3100.1,43.4,0.014,1.8,41.4,24.4,-0.0682,0.1698,0.2232,0.203,ok,2026-09-02T12:46:52+00:00
tablas-daimiel,2021-07-27,2,S2A_30SVJ_20210727_0_L2A;S2A_30SVJ_20210727_1_L2A,1.0,0.0845,0.9155,0.0765,3100.1,32.4,0.0114,1.3,32.1,24.0,-0.0725,0.1807,0.2353,0.2355,ok,2026-09-02T12:46:52+00:00
tablas-daimiel,2021-08-01,2,S2B_30SVJ_20210801_0_L2A;S2B_30SVJ_20210801_1_L2A,1.0,0.0033,0.9967,0.0807,3100.1,36.4,0.0118,1.8,30.3,26.8,-0.0596,0.1768,0.2237,0.2997,ok,2026-09-02T12:46:52+00:00
tablas-daimiel,2021-08-06,2,S2A_30SVJ_20210806_0_L2A;S2A_30SVJ_20210806_1_L2A,1.0,0.005,0.995,0.0632,3100.1,22.0,0.0071,0.7,27.4,20.1,-0.0772,0.2319,0.3617,0.5865,ok,2026-09-02T12:46:52+00:00
tablas-daimiel,2021-08-11,2,S2B_30SVJ_20210811_0_L2A;S2B_30SVJ_20210811_1_L2A,1.0,0.0058,0.9942,0.0591,3100.1,0.0,0.0,0.2,0.0,17.8,,,,,ok,2026-09-02T12:46:52+00:00
tablas-daimiel,2021-08-16,2,S2A_30SVJ_20210816_0_L2A;S2A_30SVJ_20210816_1_L2A,1.0,0.0084,0.9916,0.0628,3100.1,7.7,0.0025,0.2,9.4,8.1,-0.0654,0.2873,0.3639,0.8653,ok,2026-09-02T12:46:52+00:00
tablas-daimiel,2021-08-21,2,S2B_30SVJ_20210821_0_L2A;S2B_30SVJ_20210821_1_L2A,1.0,0.0028,0.9972,0.0801,3100.1,10.4,0.0034,1.0,6.6,18.6,-0.0355,0.1832,0.2302,0.4444,ok,2026-09-02T12:46:52+00:00
tablas-daimiel,2021-08-26,2,S2A_30SVJ_20210826_0_L2A;S2A_30SVJ_20210826_1_L2A,1.0,0.0408,0.9592,0.0738,3100.1,7.1,0.0024,0.6,8.2,19.0,-0.0643,0.2375,0.2923,0.809,ok,2026-09-02T12:47:24+00:00
tablas-daimiel,2021-08-31,2,S2B_30SVJ_20210831_0_L2A;S2B_30SVJ_20210831_1_L2A,1.0,0.935,0.065,0.0853,3100.1,0.2,0.0012,0.4,0.0,0.0,-0.0507,0.2465,0.2794,0.6667,nublado,2026-09-02T12:47:24+00:00
tablas-daimiel,2021-09-05,2,S2A_30SVJ_20210905_0_L2A;S2A_30SVJ_20210905_1_L2A,1.0,0.0048,0.9952,0.0532,3100.1,1.4,0.0004,0.4,3.5,11.1,-0.1009,0.2934,0.3675,0.9412,ok,2026-09-02T12:47:24+00:00
tablas-daimiel,2021-09-10,3,S2B_30SVJ_20210910_0_L2A;S2B_30SVJ_20210910_1_L2A;S2B_30SVJ_20210910_2_L2A,1.0,0.9425,0.0575,0.0626,3100.1,0.0,0.0,0.0,0.0,0.5,,,,,nublado,2026-09-02T12:47:24+00:00
tablas-daimiel,2021-09-15,1,S2A_30SVJ_20210915_0_L2A,1.0,0.3439,0.6561,0.0637,3100.1,1.2,0.0006,5.4,1.9,28.0,-0.0145,0.0801,0.18,0.0345,nublado,2026-09-02T12:47:24+00:00
tablas-daimiel,2021-09-20,2,S2B_30SVJ_20210920_0_L2A;S2B_30SVJ_20210920_1_L2A,1.0,0.0032,0.9968,0.0557,3100.1,2.9,0.0009,0.9,2.0,12.9,-0.0444,0.2757,0.3504,0.875,ok,2026-09-02T12:47:24+00:00
tablas-daimiel,2021-09-25,3,S2A_30SVJ_20210925_0_L2A;S2A_30SVJ_20210925_1_L2A;S2A_30SVJ_20210925_2_L2A,1.0,0.3539,0.6461,0.0609,3100.1,0.8,0.0004,2.7,1.2,10.2,-0.0408,0.2454,0.3689,0.75,nublado,2026-09-02T12:47:24+00:00
tablas-daimiel,2021-09-30,2,S2B_30SVJ_20210930_0_L2A;S2B_30SVJ_20210930_1_L2A,1.0,0.0266,0.9734,0.0578,3100.1,2.9,0.001,1.3,2.1,20.1,-0.018,0.1806,0.3297,0.4247,ok,2026-09-02T12:47:24+00:00
tablas-daimiel,2021-10-05,2,S2A_30SVJ_20211005_0_L2A;S2A_30SVJ_20211005_1_L2A,1.0,0.1143,0.8857,0.0451,3100.1,12.0,0.0044,3.0,15.3,22.0,-0.2666,0.2802,0.3787,0.9,ok,2026-09-02T12:47:24+00:00
tablas-daimiel,2021-10-10,2,S2B_30SVJ_20211010_0_L2A;S2B_30SVJ_20211010_1_L2A,1.0,0.5831,0.4169,0.0722,3100.1,2.2,0.0017,0.3,1.4,8.6,-0.0458,0.1886,0.3008,0.4909,nublado,2026-09-02T12:47:24+00:00
tablas-daimiel,2021-10-15,2,S2A_30SVJ_20211015_0_L2A;S2A_30SVJ_20211015_1_L2A,1.0,0.0003,0.9997,0.0508,3100.1,11.2,0.0036,3.2,17.4,35.0,-0.2692,0.2566,0.362,0.7393,ok,2026-09-02T12:47:24+00:00
tablas-daimiel,2021-10-20,2,S2B_30SVJ_20211020_0_L2A;S2B_30SVJ_20211020_1_L2A,1.0,0.0481,0.9519,0.06,3100.1,6.8,0.0023,5.4,12.6,21.9,-0.2892,0.224,0.329,0.614,ok,2026-09-02T12:47:24+00:00
tablas-daimiel,2021-11-04,2,S2A_30SVJ_20211104_0_L2A;S2A_30SVJ_20211104_1_L2A,1.0,0.2272,0.7728,0.0447,3100.1,33.6,0.014,4.0,37.3,46.2,-0.0982,0.098,0.2857,0.1474,nublado,2026-09-02T12:48:04+00:00
tablas-daimiel,2021-11-09,2,S2B_30SVJ_20211109_0_L2A;S2B_30SVJ_20211109_1_L2A,1.0,0.0002,0.9998,0.0466,3100.1,41.4,0.0133,3.0,57.0,81.0,-0.0817,0.2257,0.3511,0.5658,ok,2026-09-02T12:48:04+00:00
tablas-daimiel,2021-11-14,2,S2A_30SVJ_20211114_0_L2A;S2A_30SVJ_20211114_1_L2A,1.0,0.0001,0.9999,0.0433,3100.1,41.8,0.0135,1.4,65.2,85.2,-0.0957,0.1653,0.2924,0.4082,ok,2026-09-02T12:48:04+00:00
tablas-daimiel,2021-11-19,2,S2B_30SVJ_20211119_0_L2A;S2B_30SVJ_20211119_1_L2A,1.0,0.4446,0.5554,0.0476,3100.1,1.3,0.0008,0.5,7.2,127.8,-0.0095,0.0354,0.1317,0.0,nublado,2026-09-02T12:48:04+00:00
tablas-daimiel,2021-11-29,2,S2B_30SVJ_20211129_0_L2A;S2B_30SVJ_20211129_1_L2A,1.0,0.0001,0.9999,0.0462,3100.1,36.1,0.0117,2.0,73.9,93.5,-0.2081,0.0021,0.1746,0.0576,ok,2026-09-02T12:48:04+00:00
tablas-daimiel,2021-12-04,2,S2A_30SVJ_20211204_0_L2A;S2A_30SVJ_20211204_1_L2A,1.0,0.0009,0.9991,0.0458,3100.1,39.7,0.0128,2.0,80.6,95.8,-0.2084,0.0049,0.1935,0.0968,ok,2026-09-02T12:48:04+00:00
tablas-daimiel,2021-12-14,2,S2A_30SVJ_20211214_0_L2A;S2A_30SVJ_20211214_1_L2A,1.0,0.9982,0.0018,0.194,3100.1,0.6,0.0979,0.0,0.0,0.0,-0.034,0.0285,0.0425,0.0,nublado,2026-09-02T12:48:04+00:00
tablas-daimiel,2021-12-19,2,S2B_30SVJ_20211219_0_L2A;S2B_30SVJ_20211219_1_L2A,1.0,0.0001,0.9999,0.0492,3100.1,46.0,0.0148,5.5,84.1,100.8,-0.1542,0.0235,0.2429,0.141,ok,2026-09-02T12:48:04+00:00
tablas-daimiel,2021-12-29,2,S2B_30SVJ_20211229_0_L2A;S2B_30SVJ_20211229_1_L2A,1.0,0.6277,0.3723,0.1047,3100.1,0.0,0.0,0.0,3.4,39.0,,,,,nublado,2026-09-02T12:48:04+00:00
tablas-daimiel,2022-01-03,1,S2A_30SVJ_20220103_0_L2A,1.0,0.0037,0.9963,0.0435,3100.1,13.7,0.0044,0.6,75.6,95.9,-0.1403,0.0763,0.2515,0.2012,incoherente,2026-09-02T12:48:04+00:00
tablas-daimiel,2022-01-13,2,S2A_30SVJ_20220113_0_L2A;S2A_30SVJ_20220113_1_L2A,1.0,0.001,0.999,0.0411,3100.1,40.3,0.013,2.1,90.2,116.3,-0.1213,0.1045,0.3655,0.2036,ok,2026-09-02T12:48:25+00:00
tablas-daimiel,2022-01-18,1,S2B_30SVJ_20220118_0_L2A,1.0,0.0001,0.9999,0.0485,3100.1,61.4,0.0198,9.8,89.2,117.4,-0.1436,0.0813,0.3132,0.228,ok,2026-09-02T12:48:04+00:00
tablas-daimiel,2022-01-23,1,S2A_30SVJ_20220123_0_L2A,1.0,0.3486,0.6514,0.0511,3100.1,0.2,0.0001,0.0,7.2,52.7,-0.3735,0.3028,0.7667,0.5,nublado,2026-09-02T12:48:04+00:00
tablas-daimiel,2022-01-28,1,S2B_30SVJ_20220128_0_L2A,1.0,0.0011,0.9989,0.0514,3100.1,36.0,0.0116,5.0,69.4,102.6,-0.0634,0.0602,0.2269,0.1402,ok,2026-09-02T12:48:25+00:00
tablas-daimiel,2022-02-02,1,S2A_30SVJ_20220202_0_L2A,1.0,0.0001,0.9999,0.0442,3100.1,15.5,0.005,2.3,82.4,115.8,-0.0738,0.0537,0.3228,0.3119,incoherente,2026-09-02T12:48:25+00:00
tablas-daimiel,2022-02-07,1,S2B_30SVJ_20220207_0_L2A,1.0,0.0002,0.9998,0.0528,3100.1,49.8,0.0161,10.5,83.2,109.0,-0.1275,0.0273,0.3108,0.2022,ok,2026-09-02T12:48:25+00:00
tablas-daimiel,2022-02-12,1,S2A_30SVJ_20220212_0_L2A,1.0,0.0134,0.9866,0.0736,3100.1,0.3,0.0001,0.1,0.4,28.4,0.0062,0.1493,0.1751,0.0,ok,2026-09-02T12:48:25+00:00
tablas-daimiel,2022-02-17,1,S2B_30SVJ_20220217_0_L2A,1.0,0.0001,0.9999,0.0552,3100.1,54.8,0.0177,12.6,82.3,106.8,-0.1139,0.02,0.2663,0.1476,ok,2026-09-02T12:48:25+00:00
tablas-daimiel,2022-02-22,1,S2A_30SVJ_20220222_0_L2A,1.0,0.0001,0.9999,0.0496,3100.1,25.9,0.0083,4.0,77.9,100.6,-0.0952,0.0043,0.1789,0.0788,ok,2026-09-02T12:48:25+00:00
tablas-daimiel,2022-03-09,1,S2B_30SVJ_20220309_0_L2A,1.0,0.3061,0.6939,0.067,3100.1,13.0,0.0061,0.3,23.6,17.2,-0.0975,-0.042,0.0365,0.0092,nublado,2026-09-02T12:48:25+00:00
tablas-daimiel,2022-04-03,1,S2A_30SVJ_20220403_0_L2A,1.0,0.0001,0.9999,0.0515,3100.1,51.4,0.0166,2.9,83.2,75.1,-0.0287,0.0547,0.2932,0.1563,ok,2026-09-02T12:48:25+00:00
tablas-daimiel,2022-04-13,1,S2A_30SVJ_20220413_0_L2A,1.0,0.3381,0.6619,0.076,3100.1,1.5,0.0007,0.1,0.2,6.0,-0.0023,0.0557,0.1105,0.0,nublado,2026-09-02T12:48:25+00:00
tablas-daimiel,2022-04-18,1,S2B_30SVJ_20220418_0_L2A,1.0,0.0763,0.9237,0.0667,3100.1,61.7,0.0216,4.7,73.1,73.4,-0.0692,0.0694,0.2559,0.1983,ok,2026-09-02T12:48:25+00:00
tablas-daimiel,2022-05-08,1,S2B_30SVJ_20220508_0_L2A,1.0,0.0004,0.9996,0.0582,3100.1,60.1,0.0194,3.6,84.5,77.5,-0.108,0.1475,0.3378,0.2708,ok,2026-09-02T12:48:25+00:00
tablas-daimiel,2022-05-13,1,S2A_30SVJ_20220513_0_L2A,1.0,0.0006,0.9994,0.0531,3100.1,9.6,0.0031,2.1,73.0,40.2,-0.05,0.2017,0.3661,0.3724,ok,2026-09-02T12:48:51+00:00
tablas-daimiel,2022-05-18,1,S2B_30SVJ_20220518_0_L2A,1.0,0.0007,0.9993,0.0629,3100.1,6.2,0.002,3.3,66.1,35.4,-0.0198,0.2609,0.3848,0.6731,ok,2026-09-02T12:48:51+00:00
tablas-daimiel,2022-05-23,1,S2A_30SVJ_20220523_0_L2A,1.0,0.0003,0.9997,0.0701,3100.1,42.4,0.0137,5.8,63.3,34.7,-0.0137,0.1299,0.2329,0.1341,ok,2026-09-02T12:48:51+00:00
tablas-daimiel,2022-05-28,1,S2B_30SVJ_20220528_0_L2A,1.0,0.0004,0.9996,0.0795,3100.1,60.8,0.0196,11.0,58.6,35.4,-0.0068,0.0983,0.2102,0.1185,ok,2026-09-02T12:48:51+00:00
tablas-daimiel,2022-06-02,1,S2A_30SVJ_20220602_0_L2A,1.0,0.8597,0.1403,0.0867,3100.1,3.0,0.0068,0.1,7.8,0.0,0.0151,0.0779,0.1257,0.0,nublado,2026-09-02T12:48:51+00:00
tablas-daimiel,2022-06-07,1,S2B_30SVJ_20220607_0_L2A,1.0,0.0006,0.9994,0.0822,3100.1,60.4,0.0195,10.8,58.6,48.3,0.0095,0.0894,0.2282,0.1385,ok,2026-09-02T12:48:51+00:00
tablas-daimiel,2022-06-12,1,S2A_30SVJ_20220612_0_L2A,1.0,0.0008,0.9992,0.0747,3100.1,0.2,0.0001,2.4,0.0,30.3,-0.0565,0.2072,0.2405,0.6,ok,2026-09-02T12:48:51+00:00
tablas-daimiel,2022-06-17,1,S2B_30SVJ_20220617_0_L2A,1.0,0.0616,0.9384,0.0976,3100.1,0.0,0.0,1.2,0.0,33.2,,,,,ok,2026-09-02T12:48:51+00:00
tablas-daimiel,2022-06-27,1,S2B_30SVJ_20220627_0_L2A,1.0,0.0009,0.9991,0.0802,3100.1,50.1,0.0162,8.8,41.0,36.0,0.051,0.0978,0.2004,0.1006,ok,2026-09-02T12:48:51+00:00
tablas-daimiel,2022-07-02,1,S2A_30SVJ_20220702_0_L2A,1.0,0.0013,0.9987,0.0701,3100.1,1.4,0.0004,5.2,36.1,28.0,0.0655,0.2191,0.3335,0.5882,ok,2026-09-02T12:48:51+00:00
tablas-daimiel,2022-07-07,1,S2B_30SVJ_20220707_0_L2A,1.0,0.0013,0.9987,0.0838,3100.1,43.5,0.0141,5.5,35.8,28.3,0.0295,0.0973,0.1592,0.0441,ok,2026-09-02T12:48:51+00:00
tablas-daimiel,2022-07-12,1,S2A_30SVJ_20220712_0_L2A,1.0,0.0031,0.9969,0.0806,3100.1,35.8,0.0116,2.4,38.0,28.0,0.0113,0.1152,0.1687,0.0469,ok,2026-09-02T12:48:51+00:00
tablas-daimiel,2022-07-17,1,S2B_30SVJ_20220717_0_L2A,1.0,0.0031,0.9969,0.0848,3100.1,28.4,0.0092,2.5,14.9,25.8,0.0343,0.1087,0.1543,0.0113,ok,2026-09-02T12:49:19+00:00
tablas-daimiel,2022-07-22,1,S2A_30SVJ_20220722_0_L2A,1.0,0.0042,0.9958,0.0776,3100.1,0.2,0.0001,0.6,0.5,24.5,0.082,0.1244,0.1585,0.0,ok,2026-09-02T12:49:19+00:00
tablas-daimiel,2022-07-27,1,S2B_30SVJ_20220727_0_L2A,1.0,0.0053,0.9947,0.0824,3100.1,18.8,0.0061,1.2,13.2,25.3,0.0173,0.151,0.1967,0.0915,ok,2026-09-02T12:49:19+00:00
tablas-daimiel,2022-08-01,1,S2A_30SVJ_20220801_0_L2A,1.0,0.0042,0.9958,0.0788,3100.1,12.2,0.0039,0.0,12.2,24.6,-0.0127,0.1671,0.21,0.1809,ok,2026-09-02T12:49:19+00:00
tablas-daimiel,2022-08-06,1,S2B_30SVJ_20220806_0_L2A,1.0,0.0045,0.9955,0.0788,3100.1,10.4,0.0034,0.1,6.6,22.9,-0.0084,0.1944,0.2426,0.4672,ok,2026-09-02T12:49:19+00:00
tablas-daimiel,2022-08-11,1,S2A_30SVJ_20220811_0_L2A,1.0,0.0047,0.9953,0.0733,3100.1,0.1,0.0,0.0,2.1,20.6,,,,,ok,2026-09-02T12:49:19+00:00
tablas-daimiel,2022-08-16,1,S2B_30SVJ_20220816_0_L2A,1.0,0.1465,0.8535,0.0747,3100.1,5.2,0.002,0.6,3.8,13.4,-0.0723,0.2494,0.3226,0.8308,ok,2026-09-02T12:49:19+00:00
tablas-daimiel,2022-08-21,1,S2A_30SVJ_20220821_0_L2A,1.0,0.0057,0.9943,0.0687,3100.1,3.6,0.0012,0.0,3.9,20.9,-0.0585,0.259,0.3308,0.8022,ok,2026-09-02T12:49:19+00:00
tablas-daimiel,2022-08-26,1,S2B_30SVJ_20220826_0_L2A,1.0,0.005,0.995,0.0794,3100.1,3.2,0.001,0.4,1.8,19.3,-0.0369,0.2192,0.2732,0.6582,ok,2026-09-02T12:49:19+00:00
tablas-daimiel,2022-08-31,1,S2A_30SVJ_20220831_0_L2A,1.0,0.0014,0.9986,0.0693,3100.1,5.8,0.0019,1.8,4.0,16.7,0.0121,0.2127,0.2742,0.6644,ok,2026-09-02T12:49:19+00:00
tablas-daimiel,2022-09-05,2,S2B_30SVJ_20220905_0_L2A;S2B_30SVJ_20220905_1_L2A,1.0,0.0018,0.9982,0.0743,3100.1,10.3,0.0033,2.6,8.4,17.8,-0.0206,0.172,0.2525,0.2023,ok,2026-09-02T12:49:40+00:00
tablas-daimiel,2022-09-10,1,S2A_30SVJ_20220910_0_L2A,1.0,0.0022,0.9978,0.0649,3100.1,9.2,0.003,1.3,10.8,17.6,-0.0082,0.1678,0.2525,0.2926,ok,2026-09-02T12:49:19+00:00
tablas-daimiel,2022-09-20,1,S2A_30SVJ_20220920_0_L2A,1.0,0.0011,0.9989,0.0644,3100.1,18.6,0.006,0.2,24.0,22.9,0.0069,0.1424,0.2208,0.1659,ok,2026-09-02T12:49:19+00:00
tablas-daimiel,2022-09-25,1,S2B_30SVJ_20220925_0_L2A,1.0,0.0022,0.9978,0.0706,3100.1,37.8,0.0122,0.8,34.1,32.3,-0.0172,0.1209,0.1824,0.0508,ok,2026-09-02T12:49:40+00:00
tablas-daimiel,2022-09-30,1,S2A_30SVJ_20220930_0_L2A,1.0,0.0025,0.9975,0.0542,3100.1,38.3,0.0124,0.3,41.7,34.8,-0.0017,0.1161,0.1725,0.0418,ok,2026-09-02T12:49:40+00:00
tablas-daimiel,2022-10-05,1,S2B_30SVJ_20221005_0_L2A,1.0,0.0009,0.9991,0.082,3100.1,0.2,0.0001,0.0,0.0,27.6,0.0697,0.0905,0.1022,0.0,ok,2026-09-02T12:49:40+00:00
tablas-daimiel,2022-10-15,1,S2B_30SVJ_20221015_0_L2A,1.0,0.001,0.999,0.0625,3100.1,35.6,0.0115,1.5,32.9,25.8,-0.0166,0.1051,0.1584,0.073,ok,2026-09-02T12:49:40+00:00
tablas-daimiel,2022-11-04,1,S2B_30SVJ_20221104_0_L2A,1.0,0.0018,0.9982,0.0553,3100.1,29.9,0.0097,3.2,30.0,35.9,-0.0576,0.1763,0.284,0.245,ok,2026-09-02T12:49:40+00:00
tablas-daimiel,2022-11-14,1,S2B_30SVJ_20221114_0_L2A,1.0,0.3959,0.6041,0.1149,3100.1,9.5,0.0051,0.4,10.3,38.3,-0.0561,0.1064,0.1456,0.0126,nublado,2026-09-02T12:49:40+00:00
tablas-daimiel,2022-11-19,1,S2A_30SVJ_20221119_0_L2A,1.0,0.3684,0.6316,0.0459,3100.1,16.8,0.0086,0.3,18.2,38.8,-0.0753,0.2141,0.2772,0.6119,nublado,2026-09-02T12:49:40+00:00
tablas-daimiel,2022-11-29,1,S2A_30SVJ_20221129_0_L2A,1.0,0.0386,0.9614,0.0552,3100.1,26.0,0.0087,0.5,28.1,34.5,-0.0305,0.1653,0.2407,0.3379,ok,2026-09-02T12:49:40+00:00
tablas-daimiel,2022-12-14,1,S2B_30SVJ_20221214_0_L2A,1.0,0.9513,0.0487,0.1268,3100.1,0.1,0.0005,0.0,0.0,14.8,,,,,nublado,2026-09-02T12:49:40+00:00
tablas-daimiel,2022-12-19,1,S2A_30SVJ_20221219_0_L2A,1.0,0.8367,0.1633,0.1654,3100.1,0.0,0.0,0.0,0.2,72.2,,,,,nublado,2026-09-02T12:49:40+00:00
tablas-daimiel,2022-12-24,1,S2B_30SVJ_20221224_0_L2A,1.0,0.9998,0.0002,0.2044,3100.1,0.0,0.0,0.0,0.0,28.3,,,,,nublado,2026-09-02T12:49:40+00:00
tablas-daimiel,2023-01-03,1,S2B_30SVJ_20230103_0_L2A,1.0,0.5562,0.4438,0.058,3100.1,6.2,0.0045,0.3,9.0,56.0,-0.135,0.1368,0.2277,0.1948,nublado,2026-09-02T12:49:53+00:00
tablas-daimiel,2023-01-18,2,S2A_30SVJ_20230118_0_L2A;S2A_30SVJ_20230118_1_L2A,1.0,0.0039,0.9961,0.0365,3100.1,52.5,0.017,0.3,79.6,104.9,-0.1055,0.1527,0.2644,0.327,ok,2026-09-02T12:49:53+00:00
tablas-daimiel,2023-01-23,1,S2B_30SVJ_20230123_0_L2A,1.0,0.1221,0.8779,0.047,3100.1,35.7,0.0131,1.7,45.8,78.2,-0.1361,0.1689,0.2737,0.4025,ok,2026-09-02T12:49:53+00:00
tablas-daimiel,2023-01-28,1,S2A_30SVJ_20230128_0_L2A,1.0,0.0001,0.9999,0.0397,3100.1,50.8,0.0164,0.6,81.6,99.7,-0.118,0.1354,0.2577,0.2506,ok,2026-09-02T12:49:53+00:00
tablas-daimiel,2023-02-02,1,S2B_30SVJ_20230202_0_L2A,1.0,0.0001,0.9999,0.0515,3100.1,69.8,0.0225,4.9,85.0,97.7,-0.118,0.1206,0.3048,0.209,ok,2026-09-02T12:49:53+00:00
tablas-daimiel,2023-02-12,1,S2B_30SVJ_20230212_0_L2A,1.0,0.02,0.98,0.0658,3100.1,16.7,0.0055,2.9,38.7,39.2,-0.0465,0.0345,0.0883,0.0335,ok,2026-09-02T12:49:53+00:00
tablas-daimiel,2023-02-17,1,S2A_30SVJ_20230217_0_L2A,1.0,0.0004,0.9996,0.0534,3100.1,56.2,0.0181,3.2,79.8,62.3,-0.0397,0.0459,0.1173,0.0349,ok,2026-09-02T12:49:53+00:00
tablas-daimiel,2023-02-22,1,S2B_30SVJ_20230222_0_L2A,1.0,0.0019,0.9981,0.0691,3100.1,6.7,0.0022,0.7,12.6,42.2,-0.0359,0.0488,0.1062,0.0,ok,2026-09-02T12:49:53+00:00
tablas-daimiel,2023-02-27,1,S2A_30SVJ_20230227_0_L2A,1.0,0.0018,0.9982,0.0518,3100.1,59.5,0.0192,2.1,76.6,65.1,-0.0472,0.0627,0.1521,0.0592,ok,2026-09-02T12:49:53+00:00
tablas-daimiel,2023-03-04,1,S2B_30SVJ_20230304_0_L2A,1.0,0.0023,0.9977,0.0614,3100.1,67.8,0.0219,3.9,76.8,68.1,-0.0602,0.0671,0.1773,0.0821,ok,2026-09-02T12:49:53+00:00
tablas-daimiel,2023-03-19,1,S2A_30SVJ_20230319_0_L2A,1.0,0.0052,0.9948,0.0603,3100.1,52.4,0.017,2.0,68.1,39.3,-0.0412,0.0884,0.1606,0.0817,ok,2026-09-02T12:49:53+00:00
tablas-daimiel,2023-03-29,1,S2A_30SVJ_20230329_0_L2A,1.0,0.0016,0.9984,0.0648,3100.1,46.6,0.0151,2.4,67.0,33.3,-0.0369,0.0914,0.2039,0.1013,ok,2026-09-02T12:50:15+00:00
tablas-daimiel,2023-04-03,1,S2B_30SVJ_20230403_0_L2A,1.0,0.0021,0.9979,0.0717,3100.1,53.8,0.0174,4.4,63.5,33.0,-0.0294,0.0917,0.1594,0.0877,ok,2026-09-02T12:50:15+00:00
tablas-daimiel,2023-04-08,1,S2A_30SVJ_20230408_0_L2A,1.0,0.0017,0.9983,0.074,3100.1,50.7,0.0164,4.8,62.1,31.8,-0.0208,0.0794,0.1438,0.0804,ok,2026-09-02T12:49:53+00:00
tablas-daimiel,2023-04-13,1,S2B_30SVJ_20230413_0_L2A,1.0,0.0019,0.9981,0.08,3100.1,50.9,0.0165,7.1,54.8,31.0,-0.0038,0.0865,0.1261,0.0503,ok,2026-09-02T12:50:15+00:00
tablas-daimiel,2023-04-18,1,S2A_30SVJ_20230418_0_L2A,1.0,0.0055,0.9945,0.0746,3100.1,49.1,0.0159,8.0,56.8,32.8,-0.0041,0.0988,0.142,0.0529,ok,2026-09-02T12:50:15+00:00
tablas-daimiel,2023-04-23,1,S2B_30SVJ_20230423_0_L2A,1.0,0.002,0.998,0.077,3100.1,54.7,0.0177,13.0,59.6,45.8,-0.0356,0.1275,0.1777,0.0892,ok,2026-09-02T12:50:15+00:00
tablas-daimiel,2023-05-13,1,S2B_30SVJ_20230513_0_L2A,1.0,0.0038,0.9962,0.0884,3100.1,55.3,0.0179,18.0,48.9,41.9,-0.0279,0.1504,0.2066,0.115,ok,2026-09-02T12:50:15+00:00
tablas-daimiel,2023-05-18,1,S2A_30SVJ_20230518_0_L2A,1.0,0.0033,0.9967,0.0848,3100.1,49.4,0.016,13.4,47.8,33.2,-0.026,0.155,0.2277,0.1594,ok,2026-09-02T12:50:15+00:00
tablas-daimiel,2023-06-17,1,S2A_30SVJ_20230617_0_L2A,1.0,0.0393,0.9607,0.0736,3100.1,54.9,0.0184,9.8,55.2,37.5,-0.0546,0.1731,0.228,0.1589,ok,2026-09-02T12:50:15+00:00
tablas-daimiel,2023-06-22,1,S2B_30SVJ_20230622_0_L2A,1.0,0.0,1.0,0.0697,3100.1,53.6,0.0173,12.6,49.2,46.4,-0.0668,0.1838,0.2394,0.3376,ok,2026-09-02T12:50:15+00:00
tablas-daimiel,2023-06-27,1,S2A_30SVJ_20230627_0_L2A,1.0,0.0004,0.9996,0.0675,3100.1,56.0,0.0181,6.7,44.2,33.6,-0.0054,0.1235,0.1862,0.0765,ok,2026-09-02T12:50:15+00:00
tablas-daimiel,2023-07-02,1,S2B_30SVJ_20230702_0_L2A,1.0,0.001,0.999,0.0736,3100.1,40.8,0.0132,10.7,37.6,33.0,-0.0623,0.1831,0.2839,0.3631,ok,2026-09-02T12:50:15+00:00
tablas-daimiel,2023-07-07,1,S2A_30SVJ_20230707_0_L2A,1.0,0.012,0.988,0.0731,3100.1,27.3,0.0089,7.2,24.0,24.4,-0.0443,0.1627,0.2372,0.2507,ok,2026-09-02T12:50:15+00:00
tablas-daimiel,2023-07-12,1,S2B_30SVJ_20230712_0_L2A,1.0,0.0018,0.9982,0.0737,3100.1,25.3,0.0082,7.8,20.8,24.5,-0.0475,0.1672,0.2375,0.2468,ok,2026-09-02T12:50:39+00:00
tablas-daimiel,2023-07-17,1,S2A_30SVJ_20230717_0_L2A,1.0,0.7167,0.2833,0.1069,3100.1,0.0,0.0,0.0,0.0,0.1,,,,,nublado,2026-09-02T12:50:39+00:00
tablas-daimiel,2023-07-22,1,S2B_30SVJ_20230722_0_L2A,1.0,0.0021,0.9979,0.0787,3100.1,14.8,0.0048,6.6,11.9,20.8,-0.0581,0.1706,0.2349,0.2857,ok,2026-09-02T12:50:39+00:00
tablas-daimiel,2023-07-27,1,S2A_30SVJ_20230727_0_L2A,1.0,0.0112,0.9888,0.0723,3100.1,9.3,0.003,3.0,8.6,19.3,-0.0763,0.2107,0.3115,0.6121,ok,2026-09-02T12:50:39+00:00
tablas-daimiel,2023-08-01,1,S2B_30SVJ_20230801_0_L2A,1.0,0.0033,0.9967,0.0789,3100.1,8.9,0.0029,5.4,7.9,20.5,-0.0939,0.1936,0.2863,0.491,ok,2026-09-02T12:50:39+00:00
tablas-daimiel,2023-08-06,1,S2A_30SVJ_20230806_0_L2A,1.0,0.0033,0.9967,0.0729,3100.1,4.4,0.0014,4.2,4.2,15.7,-0.0595,0.1863,0.2896,0.4775,ok,2026-09-02T12:50:39+00:00
tablas-daimiel,2023-08-11,1,S2B_30SVJ_20230811_0_L2A,1.0,0.0034,0.9966,0.0778,3100.1,3.8,0.0012,4.4,2.6,14.8,-0.038,0.1707,0.3195,0.3158,ok,2026-09-02T12:50:39+00:00
tablas-daimiel,2023-08-16,1,S2A_30SVJ_20230816_0_L2A,1.0,0.003,0.997,0.0726,3100.1,2.6,0.0008,1.8,1.2,11.0,0.0037,0.1383,0.2146,0.1385,ok,2026-09-02T12:50:39+00:00
tablas-daimiel,2023-08-21,1,S2B_30SVJ_20230821_0_L2A,1.0,0.0028,0.9972,0.0806,3100.1,3.2,0.001,1.6,0.9,11.5,-0.0028,0.1373,0.2636,0.175,ok,2026-09-02T12:50:39+00:00
tablas-daimiel,2023-08-31,1,S2B_30SVJ_20230831_0_L2A,1.0,0.0027,0.9973,0.0711,3100.1,0.3,0.0001,0.1,0.4,6.8,-0.1346,0.334,0.4205,0.75,ok,2026-09-02T12:50:39+00:00
tablas-daimiel,2023-09-05,1,S2A_30SVJ_20230905_0_L2A,1.0,0.0008,0.9992,0.0578,3100.1,0.0,0.0,0.2,0.4,5.6,,,,,ok,2026-09-02T12:50:39+00:00
tablas-daimiel,2023-09-10,1,S2B_30SVJ_20230910_0_L2A,1.0,0.0018,0.9982,0.0667,3100.1,4.8,0.0015,0.7,2.4,7.8,0.04,0.0739,0.109,0.0,ok,2026-09-02T12:50:39+00:00
tablas-daimiel,2023-09-15,1,S2A_30SVJ_20230915_0_L2A,1.0,0.0085,0.9915,0.0537,3100.1,6.8,0.0022,1.7,7.3,6.7,-0.1672,0.2452,0.3657,0.6608,ok,2026-09-02T12:51:20+00:00
tablas-daimiel,2023-09-20,1,S2B_30SVJ_20230920_0_L2A,1.0,0.0009,0.9991,0.0565,3100.1,7.4,0.0024,1.3,8.0,10.1,-0.2296,0.2479,0.3695,0.7405,ok,2026-09-02T12:51:20+00:00
tablas-daimiel,2023-09-25,1,S2A_30SVJ_20230925_0_L2A,1.0,0.001,0.999,0.0496,3100.1,7.2,0.0023,1.2,8.2,10.2,-0.2651,0.2612,0.3735,0.7263,ok,2026-09-02T12:51:20+00:00
tablas-daimiel,2023-09-30,1,S2B_30SVJ_20230930_0_L2A,1.0,0.0013,0.9987,0.0554,3100.1,7.2,0.0023,1.2,7.9,10.8,-0.2817,0.2781,0.3924,0.7542,ok,2026-09-02T12:51:20+00:00
tablas-daimiel,2023-10-05,1,S2A_30SVJ_20231005_0_L2A,1.0,0.0009,0.9991,0.0559,3100.1,5.4,0.0017,1.3,6.4,7.3,-0.2037,0.238,0.3374,0.6815,ok,2026-09-02T12:51:20+00:00
tablas-daimiel,2023-10-10,1,S2B_30SVJ_20231010_0_L2A,1.0,0.0009,0.9991,0.0608,3100.1,8.0,0.0026,1.9,7.6,11.4,-0.2246,0.2444,0.3835,0.598,ok,2026-09-02T12:51:20+00:00
tablas-daimiel,2023-10-15,1,S2A_30SVJ_20231015_0_L2A,1.0,0.0045,0.9955,0.0618,3100.1,6.5,0.0021,1.7,7.0,7.3,-0.2355,0.2471,0.3296,0.7654,ok,2026-09-02T12:51:20+00:00
tablas-daimiel,2023-10-30,1,S2B_30SVJ_20231030_0_L2A,1.0,0.2291,0.7709,0.0519,3100.1,3.0,0.0012,0.3,2.5,39.0,0.0335,0.0841,0.1243,0.0,nublado,2026-09-02T12:51:20+00:00
tablas-daimiel,2023-11-14,1,S2A_30SVJ_20231114_0_L2A,1.0,0.4896,0.5104,0.0677,3100.1,0.0,0.0,0.0,0.6,34.9,,,,,nublado,2026-09-02T12:51:20+00:00
tablas-daimiel,2023-11-19,1,S2B_30SVJ_20231119_0_L2A,1.0,0.0001,0.9999,0.0461,3100.1,7.0,0.0023,5.1,10.8,18.0,-0.1256,0.2171,0.5644,0.3068,ok,2026-09-02T12:51:20+00:00
tablas-daimiel,2023-11-24,1,S2A_30SVJ_20231124_0_L2A,1.0,0.0003,0.9997,0.0399,3100.1,8.1,0.0026,3.3,12.2,16.7,-0.1463,0.2255,0.6212,0.3317,ok,2026-09-02T12:51:20+00:00
tablas-daimiel,2023-12-14,1,S2A_30SVJ_20231214_0_L2A,1.0,0.0,1.0,0.0356,3100.1,10.2,0.0033,2.7,13.0,20.6,-0.1002,0.2007,0.5944,0.2471,ok,2026-09-02T12:51:20+00:00
tablas-daimiel,2023-12-19,1,S2B_30SVJ_20231219_0_L2A,1.0,0.0,1.0,0.0485,3100.1,11.6,0.0038,3.4,13.5,25.0,-0.1171,0.1968,0.5605,0.323,ok,2026-09-02T12:51:57+00:00
tablas-daimiel,2023-12-24,1,S2A_30SVJ_20231224_0_L2A,1.0,0.0,1.0,0.0423,3100.1,15.6,0.005,2.5,21.5,31.5,-0.1636,0.2013,0.5184,0.2905,ok,2026-09-02T12:51:57+00:00
tablas-daimiel,2024-01-08,1,S2B_30SVJ_20240108_0_L2A,1.0,0.0,1.0,0.0459,3100.1,32.4,0.0104,4.8,45.8,78.7,-0.0839,0.2186,0.5147,0.3239,ok,2026-09-02T12:51:57+00:00
tablas-daimiel,2024-01-23,1,S2A_30SVJ_20240123_0_L2A,0.0003,0.0,0.0,,3100.1,0.0,0.0,0.0,0.0,0.0,,,,,sin_datos,2026-09-02T12:51:57+00:00
tablas-daimiel,2024-01-28,1,S2B_30SVJ_20240128_0_L2A,1.0,0.7982,0.2018,0.0677,3100.1,0.7,0.0011,0.0,0.6,0.3,0.016,0.0425,0.0719,0.0,nublado,2026-09-02T12:51:57+00:00
tablas-daimiel,2024-02-02,1,S2A_30SVJ_20240202_0_L2A,1.0,0.0,1.0,0.0446,3100.1,65.5,0.0211,6.9,92.0,109.0,-0.2221,0.1689,0.3719,0.3861,ok,2026-09-02T12:51:57+00:00
tablas-daimiel,2024-02-12,1,S2A_30SVJ_20240212_0_L2A,1.0,0.4063,0.5937,0.077,3100.1,38.3,0.0208,18.3,39.4,52.0,-0.1413,0.1461,0.3271,0.2476,nublado,2026-09-02T12:51:57+00:00
tablas-daimiel,2024-02-17,1,S2B_30SVJ_20240217_0_L2A,1.0,0.0,1.0,0.046,3100.1,79.4,0.0256,26.4,111.7,143.1,-0.2941,0.2221,0.4965,0.4799,ok,2026-09-02T12:51:57+00:00
tablas-daimiel,2024-02-27,1,S2B_30SVJ_20240227_0_L2A,1.0,0.0,1.0,0.0481,3100.1,67.4,0.0217,11.0,125.2,179.2,-0.0217,0.1743,0.3189,0.4175,ok,2026-09-02T12:51:57+00:00
tablas-daimiel,2024-03-03,1,S2A_30SVJ_20240303_0_L2A,1.0,0.1248,0.8752,0.0443,3100.1,39.2,0.0144,4.4,121.4,139.0,-0.0694,0.1936,0.3909,0.4327,ok,2026-09-02T12:51:57+00:00
tablas-daimiel,2024-03-13,1,S2A_30SVJ_20240313_0_L2A,1.0,0.0144,0.9856,0.0663,3100.1,14.6,0.0048,6.3,7.2,61.3,0.0249,0.0907,0.1457,0.0164,incoherente,2026-09-02T12:51:57+00:00
tablas-daimiel,2024-04-07,1,S2B_30SVJ_20240407_0_L2A,1.0,0.0,1.0,0.0901,3100.1,0.0,0.0,0.0,0.0,72.6,,,,,incoherente,2026-09-02T12:51:57+00:00
tablas-daimiel,2024-04-12,1,S2A_30SVJ_20240412_0_L2A,1.0,0.0,1.0,0.0415,3100.1,19.0,0.0061,11.6,140.3,210.1,-0.0288,0.1124,0.3657,0.2316,incoherente,2026-09-02T12:52:24+00:00
tablas-daimiel,2024-04-17,1,S2B_30SVJ_20240417_0_L2A,1.0,0.0027,0.9973,0.05,3100.1,14.7,0.0048,14.5,97.0,181.9,0.0014,0.2069,0.4746,0.413,incoherente,2026-09-02T12:52:24+00:00
tablas-daimiel,2024-04-22,1,S2A_30SVJ_20240422_0_L2A,1.0,0.0001,0.9999,0.0416,3100.1,9.5,0.0031,10.6,19.8,189.4,0.0848,0.2722,0.5946,0.5126,incoherente,2026-09-02T12:52:24+00:00
tablas-daimiel,2024-05-02,1,S2A_30SVJ_20240502_0_L2A,1.0,0.5802,0.4198,0.0653,3100.1,3.3,0.0025,1.2,3.5,6.5,-0.1056,0.1247,0.2142,0.1951,nublado,2026-09-02T12:52:24+00:00
tablas-daimiel,2024-05-07,1,S2B_30SVJ_20240507_0_L2A,1.0,0.0002,0.9998,0.051,3100.1,14.3,0.0046,37.3,32.2,197.8,0.0035,0.544,0.817,0.8936,incoherente,2026-09-02T12:52:24+00:00
tablas-daimiel,2024-05-12,1,S2A_30SVJ_20240512_0_L2A,1.0,0.0134,0.9866,0.0684,3100.1,48.4,0.0158,54.6,62.6,112.0,-0.0122,0.2114,0.3293,0.6526,ok,2026-09-02T12:52:24+00:00
tablas-daimiel,2024-05-17,1,S2B_30SVJ_20240517_0_L2A,1.0,0.6976,0.3024,0.0953,3100.1,12.0,0.0128,10.0,9.5,16.2,-0.0664,0.1269,0.2269,0.1933,nublado,2026-09-02T12:52:24+00:00
tablas-daimiel,2024-05-22,1,S2A_30SVJ_20240522_0_L2A,1.0,0.2662,0.7338,0.0692,3100.1,21.9,0.0096,56.2,19.3,70.1,0.0649,0.2807,0.3851,0.854,nublado,2026-09-02T12:52:24+00:00
tablas-daimiel,2024-05-27,1,S2B_30SVJ_20240527_0_L2A,1.0,0.0002,0.9998,0.0748,3100.1,70.0,0.0226,110.2,23.8,148.5,0.0392,0.1435,0.2834,0.3661,ok,2026-09-02T12:52:24+00:00
tablas-daimiel,2024-06-01,1,S2A_30SVJ_20240601_0_L2A,1.0,0.0004,0.9996,0.0752,3100.1,28.4,0.0092,81.6,31.7,73.2,0.0439,0.1795,0.3188,0.4634,ok,2026-09-02T12:52:24+00:00
tablas-daimiel,2024-06-06,1,S2B_30SVJ_20240606_0_L2A,1.0,0.043,0.957,0.086,3100.1,0.0,0.0,34.8,0.0,49.7,,,,,ok,2026-09-02T12:52:24+00:00
tablas-daimiel,2024-06-11,1,S2A_30SVJ_20240611_0_L2A,1.0,0.4805,0.5195,0.0767,3100.1,5.5,0.0034,5.7,15.5,29.0,-0.0416,0.0211,0.0812,0.0507,nublado,2026-09-02T12:52:24+00:00
tablas-daimiel,2024-06-16,1,S2B_30SVJ_20240616_0_L2A,1.0,0.0665,0.9335,0.0663,3100.1,69.9,0.0242,109.7,44.2,111.6,0.0321,0.1262,0.2627,0.2203,ok,2026-09-02T12:52:39+00:00
tablas-daimiel,2024-06-21,1,S2A_30SVJ_20240621_0_L2A,1.0,0.2097,0.7903,0.0689,3100.1,54.8,0.0224,90.8,66.8,106.3,0.0184,0.1646,0.3451,0.3214,nublado,2026-09-02T12:52:39+00:00
tablas-daimiel,2024-07-01,1,S2A_30SVJ_20240701_0_L2A,1.0,0.4198,0.5802,0.0724,3100.1,44.6,0.0248,28.1,64.5,82.5,0.0425,0.1104,0.2283,0.1661,nublado,2026-09-02T12:52:39+00:00
tablas-daimiel,2024-07-06,1,S2B_30SVJ_20240706_0_L2A,1.0,0.0028,0.9972,0.0784,3100.1,66.5,0.0215,58.1,35.0,61.0,0.0219,0.0991,0.1734,0.0385,ok,2026-09-02T12:52:39+00:00
tablas-daimiel,2024-07-11,1,S2A_30SVJ_20240711_0_L2A,1.0,0.0036,0.9964,0.0686,3100.1,56.3,0.0182,40.7,54.0,85.5,0.0609,0.1311,0.223,0.1712,ok,2026-09-02T12:52:39+00:00
tablas-daimiel,2024-07-16,1,S2B_30SVJ_20240716_0_L2A,1.0,0.0055,0.9945,0.0751,3100.1,79.6,0.0258,39.9,56.1,84.5,0.0243,0.1149,0.1942,0.0899,ok,2026-09-02T12:52:39+00:00
tablas-daimiel,2024-07-21,1,S2A_30SVJ_20240721_0_L2A,1.0,0.0067,0.9933,0.0706,3100.1,59.8,0.0194,24.9,48.6,66.4,0.0422,0.1108,0.1865,0.0796,ok,2026-09-02T12:52:39+00:00
tablas-daimiel,2024-07-26,1,S2B_30SVJ_20240726_0_L2A,1.0,0.0072,0.9928,0.0841,3100.1,78.8,0.0256,23.3,60.5,55.4,-0.0241,0.108,0.1728,0.0553,ok,2026-09-02T12:52:39+00:00
tablas-daimiel,2024-07-31,1,S2A_30SVJ_20240731_0_L2A,1.0,0.0063,0.9937,0.0678,3100.1,32.0,0.0104,17.8,26.9,34.8,-0.0015,0.1753,0.3469,0.2347,ok,2026-09-02T12:52:39+00:00
tablas-daimiel,2024-08-05,1,S2B_30SVJ_20240805_0_L2A,1.0,0.0048,0.9952,0.0785,3100.1,55.4,0.018,19.2,38.2,45.9,-0.0269,0.1449,0.2153,0.1522,ok,2026-09-02T12:52:39+00:00
tablas-daimiel,2024-08-10,1,S2A_30SVJ_20240810_0_L2A,1.0,0.0037,0.9963,0.072,3100.1,33.6,0.0109,17.6,27.7,30.8,-0.0462,0.2006,0.298,0.5268,ok,2026-09-02T12:52:39+00:00
tablas-daimiel,2024-08-15,1,S2B_30SVJ_20240815_0_L2A,1.0,0.0033,0.9967,0.0726,3100.1,35.4,0.0115,24.3,28.3,42.7,-0.0603,0.2144,0.3431,0.5175,ok,2026-09-02T12:52:39+00:00
tablas-daimiel,2024-08-20,1,S2A_30SVJ_20240820_0_L2A,1.0,0.0048,0.9952,0.0705,3100.1,31.4,0.0102,16.0,27.5,33.1,-0.0645,0.2212,0.3288,0.6135,ok,2026-09-02T12:53:13+00:00
tablas-daimiel,2024-08-25,1,S2B_30SVJ_20240825_0_L2A,1.0,0.0065,0.9935,0.0758,3100.1,23.1,0.0075,13.0,18.0,29.3,-0.0431,0.1996,0.2788,0.6211,ok,2026-09-02T12:53:13+00:00
tablas-daimiel,2024-08-30,1,S2A_30SVJ_20240830_0_L2A,1.0,0.234,0.766,0.0822,3100.1,0.2,0.0001,0.7,0.0,12.0,0.0495,0.1816,0.202,0.1667,nublado,2026-09-02T12:53:13+00:00
tablas-daimiel,2024-09-04,1,S2B_30SVJ_20240904_0_L2A,1.0,0.4983,0.5017,0.0826,3100.1,4.2,0.0027,2.8,3.0,16.9,-0.0782,0.203,0.2703,0.6635,nublado,2026-09-02T12:53:13+00:00
tablas-daimiel,2024-09-09,1,S2A_30SVJ_20240909_0_L2A,1.0,0.0007,0.9993,0.0581,3100.1,20.6,0.0066,3.9,19.9,29.3,-0.058,0.1854,0.3079,0.466,ok,2026-09-02T12:53:13+00:00
tablas-daimiel,2024-09-14,1,S2B_30SVJ_20240914_0_L2A,1.0,0.0005,0.9995,0.0673,3100.1,19.5,0.0063,4.6,17.4,27.8,-0.0465,0.1512,0.2675,0.3279,ok,2026-09-02T12:53:13+00:00
tablas-daimiel,2024-09-29,1,S2A_30SVJ_20240929_0_L2A,1.0,0.0002,0.9998,0.0488,3100.1,15.2,0.0049,2.9,15.6,32.3,-0.0583,0.1463,0.3466,0.2929,ok,2026-09-02T12:53:13+00:00
tablas-daimiel,2024-10-24,1,S2B_30SVJ_20241024_0_L2A,1.0,0.0352,0.9648,0.0447,3100.1,15.0,0.005,5.3,15.7,38.3,-0.0749,0.1845,0.3395,0.3253,ok,2026-09-02T12:53:13+00:00
tablas-daimiel,2024-11-03,1,S2B_30SVJ_20241103_1_L2A,1.0,0.0174,0.9826,0.0433,3100.1,13.6,0.0045,6.4,13.4,41.6,-0.0655,0.1856,0.3652,0.3265,ok,2026-09-02T12:53:13+00:00
tablas-daimiel,2024-11-18,2,S2A_30SVJ_20241118_0_L2A;S2C_30SVJ_20241118_1_L2A,1.0,0.0028,0.9972,0.0501,3100.1,4.8,0.0016,0.1,9.4,37.4,-0.079,0.182,0.2931,0.4083,ok,2026-09-02T12:53:13+00:00
tablas-daimiel,2024-11-23,1,S2B_30SVJ_20241123_0_L2A,1.0,0.1206,0.8794,0.0416,3100.1,8.5,0.0031,5.2,6.2,30.8,0.0468,0.1202,0.172,0.0516,ok,2026-09-02T12:53:13+00:00
tablas-daimiel,2024-11-28,2,S2A_30SVJ_20241128_0_L2A;S2C_30SVJ_20241128_1_L2A,1.0,0.9909,0.0091,0.1883,3100.1,0.0,0.0,0.0,0.0,27.5,,,,,nublado,2026-09-02T12:53:59+00:00
tablas-daimiel,2024-12-03,1,S2B_30SVJ_20241203_0_L2A,1.0,0.7429,0.2571,0.1058,3100.1,5.1,0.0064,0.0,4.6,40.6,-0.0531,0.0418,0.0731,0.0,nublado,2026-09-02T12:53:13+00:00
tablas-daimiel,2024-12-08,2,S2A_30SVJ_20241208_0_L2A;S2C_30SVJ_20241208_1_L2A,1.0,0.6476,0.3524,0.0001,3100.1,0.0,0.0,0.0,0.0,0.8,,,,,nublado,2026-09-02T12:53:59+00:00
tablas-daimiel,2024-12-23,1,S2B_30SVJ_20241223_0_L2A,1.0,0.274,0.726,0.0477,3100.1,1.0,0.0004,0.4,2.4,3.4,-0.1182,0.186,0.2611,0.32,nublado,2026-09-02T12:53:59+00:00
tablas-daimiel,2024-12-28,1,S2A_30SVJ_20241228_0_L2A,1.0,0.0,1.0,0.0392,3100.1,21.2,0.0068,3.4,24.9,45.8,-0.066,0.1475,0.3276,0.2358,ok,2026-09-02T12:53:59+00:00
tablas-daimiel,2025-01-02,1,S2B_30SVJ_20250102_0_L2A,1.0,0.977,0.023,0.2028,3100.1,0.0,0.0,0.0,0.0,89.8,,,,,nublado,2026-09-02T12:53:59+00:00
tablas-daimiel,2025-01-12,1,S2B_30SVJ_20250112_0_L2A,1.0,0.2378,0.7622,0.042,3100.1,43.8,0.0185,3.8,45.1,65.0,-0.1166,0.1534,0.3134,0.2895,nublado,2026-09-02T12:53:59+00:00
tablas-daimiel,2025-01-17,1,S2A_30SVJ_20250117_0_L2A,1.0,0.1273,0.8727,0.111,3100.1,0.1,0.0,0.0,2.1,33.4,,,,,ok,2026-09-02T12:53:59+00:00
tablas-daimiel,2025-02-01,1,S2B_30SVJ_20250201_0_L2A,1.0,0.0,1.0,0.0424,3100.1,118.2,0.0381,13.4,133.6,167.8,-0.1983,0.2089,0.4204,0.4462,ok,2026-09-02T12:53:59+00:00
tablas-daimiel,2025-02-06,1,S2C_30SVJ_20250206_0_L2A,1.0,0.0003,0.9997,0.0001,3100.1,1.8,0.0006,0.7,1.8,168.4,0.4423,0.049,0.1795,0.1111,incoherente,2026-09-02T12:53:59+00:00
tablas-daimiel,2025-02-11,1,S2B_30SVJ_20250211_0_L2A,1.0,0.0,1.0,0.0506,3100.1,146.6,0.0473,17.3,157.0,173.0,-0.1804,0.1298,0.2743,0.2891,ok,2026-09-02T12:53:59+00:00
tablas-daimiel,2025-02-16,1,S2C_30SVJ_20250216_0_L2A,1.0,0.0082,0.9918,0.0001,3100.1,0.0,0.0,0.5,0.0,61.4,,,,,incoherente,2026-09-02T12:53:59+00:00
tablas-daimiel,2025-02-26,1,S2C_30SVJ_20250226_0_L2A,1.0,0.3242,0.6758,0.0001,3100.1,0.0,0.0,0.9,0.0,116.8,,,,,nublado,2026-09-02T12:53:59+00:00
tablas-daimiel,2025-03-28,1,S2C_30SVJ_20250328_0_L2A,1.0,0.1759,0.8241,0.043,3100.1,128.1,0.0501,13.3,188.2,224.4,-0.205,0.1394,0.3533,0.2769,ok,2026-09-02T12:54:20+00:00
tablas-daimiel,2025-03-30,1,S2A_30SVJ_20250330_0_L2A,1.0,0.0002,0.9998,0.04,3100.1,138.2,0.0446,18.2,216.8,287.9,-0.2276,0.1786,0.4175,0.4666,ok,2026-09-02T12:54:20+00:00
tablas-daimiel,2025-04-07,1,S2C_30SVJ_20250407_0_L2A,1.0,0.0001,0.9999,0.037,3100.1,63.4,0.0204,4.7,205.7,288.9,-0.155,0.217,0.4533,0.5063,incoherente,2026-09-02T12:54:20+00:00
tablas-daimiel,2025-04-09,1,S2A_30SVJ_20250409_0_L2A,1.0,0.0003,0.9997,0.038,3100.1,23.0,0.0074,3.1,155.4,245.6,0.0358,0.2271,0.4267,0.4991,incoherente,2026-09-02T12:54:20+00:00
tablas-daimiel,2025-04-17,1,S2C_30SVJ_20250417_0_L2A,1.0,0.2009,0.7991,0.0341,3100.1,1.9,0.0008,1.0,45.3,147.2,-0.3997,0.4535,0.697,0.8125,nublado,2026-09-02T12:54:20+00:00
tablas-daimiel,2025-04-19,1,S2A_30SVJ_20250419_0_L2A,1.0,0.9354,0.0646,0.0669,3100.1,0.4,0.0018,0.2,0.9,1.2,-0.1474,-0.0982,-0.0468,0.0,nublado,2026-09-02T12:54:20+00:00
tablas-daimiel,2025-04-27,1,S2C_30SVJ_20250427_0_L2A,1.0,0.0002,0.9998,0.0381,3100.1,8.7,0.0028,1.0,60.5,283.6,0.1671,0.0298,0.085,0.0229,incoherente,2026-09-02T12:54:20+00:00
tablas-daimiel,2025-04-29,1,S2A_30SVJ_20250429_0_L2A,1.0,0.2631,0.7369,0.0403,3100.1,1.6,0.0007,0.3,116.4,96.3,0.1392,0.0511,0.0904,0.0,nublado,2026-09-02T12:54:20+00:00
tablas-daimiel,2025-05-02,1,S2B_30SVJ_20250502_0_L2A,1.0,0.5921,0.4079,0.0625,3100.1,0.1,0.0001,10.4,10.0,32.5,,,,,nublado,2026-09-02T12:54:20+00:00
tablas-daimiel,2025-05-19,1,S2A_30SVJ_20250519_0_L2A,1.0,0.3826,0.6174,0.0532,3100.1,39.3,0.0205,7.3,42.7,76.4,-0.0421,0.1421,0.2802,0.2974,nublado,2026-09-02T12:54:20+00:00
tablas-daimiel,2025-05-27,1,S2C_30SVJ_20250527_0_L2A,1.0,0.0024,0.9976,0.0429,3100.1,4.7,0.0015,5.0,36.3,182.0,-0.047,0.3485,0.4511,0.9573,incoherente,2026-09-02T12:54:20+00:00
tablas-daimiel,2025-05-29,1,S2A_30SVJ_20250529_0_L2A,1.0,0.0001,0.9999,0.0546,3100.1,86.2,0.0278,21.5,121.6,172.9,-0.0688,0.1004,0.2483,0.1805,ok,2026-09-02T12:54:39+00:00
tablas-daimiel,2025-06-06,1,S2C_30SVJ_20250606_0_L2A,1.0,1.0,0.0,,3100.1,0.0,0.0,0.0,0.0,0.0,,,,,nublado,2026-09-02T12:54:20+00:00
tablas-daimiel,2025-06-08,1,S2A_30SVJ_20250608_0_L2A,1.0,0.0,1.0,0.0603,3100.1,4.2,0.0013,17.2,0.0,69.4,0.0263,0.1882,0.235,0.3558,incoherente,2026-09-02T12:54:39+00:00
tablas-daimiel,2025-06-16,1,S2C_30SVJ_20250616_0_L2A,1.0,0.0001,0.9999,0.0438,3100.1,0.8,0.0003,6.8,0.0,68.3,0.0383,0.2497,0.3063,0.95,incoherente,2026-09-02T12:54:39+00:00
tablas-daimiel,2025-06-18,1,S2A_30SVJ_20250618_0_L2A,1.0,0.0914,0.9086,0.0518,3100.1,2.4,0.0009,13.4,0.2,44.9,0.0353,0.2725,0.333,0.9333,ok,2026-09-02T12:54:39+00:00
tablas-daimiel,2025-06-21,1,S2B_30SVJ_20250621_0_L2A,1.0,0.0001,0.9999,0.0609,3100.1,4.6,0.0015,17.1,0.0,68.3,0.0886,0.077,0.239,0.2193,incoherente,2026-09-02T12:54:39+00:00
tablas-daimiel,2025-06-26,1,S2C_30SVJ_20250626_0_L2A,1.0,0.0002,0.9998,0.0566,3100.1,75.0,0.0242,49.2,26.8,145.8,0.0123,0.0417,0.216,0.1131,ok,2026-09-02T12:54:39+00:00
tablas-daimiel,2025-06-28,1,S2A_30SVJ_20250628_0_L2A,1.0,0.0002,0.9998,0.0624,3100.1,144.6,0.0467,82.4,93.4,121.0,-0.0338,0.0632,0.177,0.0785,ok,2026-09-02T12:54:39+00:00
tablas-daimiel,2025-07-01,1,S2B_30SVJ_20250701_0_L2A,1.0,0.0094,0.9906,0.0734,3100.1,138.9,0.0452,66.0,107.3,81.9,-0.0399,0.0493,0.1237,0.0204,ok,2026-09-02T12:54:39+00:00
tablas-daimiel,2025-07-06,1,S2C_30SVJ_20250706_0_L2A,1.0,0.0003,0.9997,0.0589,3100.1,81.5,0.0263,52.6,93.7,97.7,-0.0062,0.0389,0.1677,0.0722,ok,2026-09-02T12:54:39+00:00
tablas-daimiel,2025-07-08,1,S2A_30SVJ_20250708_0_L2A,1.0,0.0001,0.9999,0.0636,3100.1,168.2,0.0543,89.3,109.4,114.4,-0.0351,0.0635,0.134,0.0323,ok,2026-09-02T12:54:39+00:00
tablas-daimiel,2025-07-11,1,S2B_30SVJ_20250711_0_L2A,1.0,0.0003,0.9997,0.0616,3100.1,91.9,0.0297,86.3,31.1,140.5,-0.0101,0.0545,0.143,0.0422,ok,2026-09-02T12:54:39+00:00
tablas-daimiel,2025-07-16,1,S2C_30SVJ_20250716_0_L2A,1.0,0.0004,0.9996,0.0608,3100.1,71.2,0.023,65.2,76.4,151.6,-0.0164,0.0591,0.1697,0.0618,ok,2026-09-02T12:55:00+00:00
tablas-daimiel,2025-07-18,1,S2A_30SVJ_20250718_0_L2A,1.0,0.0005,0.9995,0.0554,3100.1,24.8,0.008,36.8,15.6,116.8,0.0577,0.1023,0.2011,0.1014,incoherente,2026-09-02T12:54:39+00:00
tablas-daimiel,2025-07-21,1,S2B_30SVJ_20250721_0_L2A,1.0,0.0007,0.9993,0.0597,3100.1,72.4,0.0234,67.3,36.6,175.3,0.0325,0.0958,0.2153,0.1254,ok,2026-09-02T12:55:00+00:00
tablas-daimiel,2025-07-26,1,S2C_30SVJ_20250726_0_L2A,1.0,0.0006,0.9994,0.0581,3100.1,29.4,0.0095,35.6,29.4,157.4,0.0756,0.1506,0.222,0.1834,incoherente,2026-09-02T12:55:00+00:00
tablas-daimiel,2025-07-28,1,S2A_30SVJ_20250728_0_L2A,1.0,0.0004,0.9996,0.062,3100.1,132.8,0.0428,73.1,73.9,152.9,0.0019,0.0932,0.1763,0.0509,ok,2026-09-02T12:55:00+00:00
tablas-daimiel,2025-07-31,1,S2B_30SVJ_20250731_0_L2A,1.0,0.0003,0.9997,0.0711,3100.1,170.6,0.055,89.4,68.4,120.9,-0.0065,0.0763,0.1499,0.0087,ok,2026-09-02T12:55:00+00:00
tablas-daimiel,2025-08-05,1,S2C_30SVJ_20250805_0_L2A,1.0,0.015,0.985,0.0642,3100.1,20.4,0.0067,14.4,0.0,63.4,0.072,0.1411,0.1733,0.0137,ok,2026-09-02T12:55:00+00:00
tablas-daimiel,2025-08-07,1,S2A_30SVJ_20250807_0_L2A,1.0,0.0004,0.9996,0.0563,3100.1,18.2,0.0059,14.3,0.7,65.8,0.0918,0.1522,0.1793,0.0198,ok,2026-09-02T12:55:00+00:00
tablas-daimiel,2025-08-10,1,S2B_30SVJ_20250810_0_L2A,1.0,0.0002,0.9998,0.0667,3100.1,105.4,0.034,56.9,24.8,82.7,0.0039,0.0976,0.1763,0.0334,ok,2026-09-02T12:55:00+00:00
tablas-daimiel,2025-08-15,1,S2C_30SVJ_20250815_0_L2A,1.0,0.0003,0.9997,0.0625,3100.1,26.6,0.0086,22.6,32.1,63.5,0.0371,0.1321,0.1979,0.0917,ok,2026-09-02T12:55:00+00:00
tablas-daimiel,2025-08-17,1,S2A_30SVJ_20250817_0_L2A,1.0,0.0003,0.9997,0.0575,3100.1,9.1,0.0029,9.3,1.5,65.0,0.1016,0.1726,0.2019,0.1096,incoherente,2026-09-02T12:55:00+00:00
tablas-daimiel,2025-08-20,1,S2B_30SVJ_20250820_0_L2A,1.0,0.0,1.0,0.0826,3100.1,202.5,0.0653,67.6,174.2,120.6,-0.0661,0.0754,0.1491,0.013,ok,2026-09-02T12:55:00+00:00
tablas-daimiel,2025-08-27,1,S2A_30SVJ_20250827_0_L2A,1.0,0.1502,0.8498,0.0672,3100.1,3.9,0.0015,1.5,0.0,54.8,0.0726,0.1587,0.1765,0.0102,incoherente,2026-09-02T12:55:00+00:00
tablas-daimiel,2025-08-30,1,S2B_30SVJ_20250830_0_L2A,1.0,0.0007,0.9993,0.0587,3100.1,49.1,0.0158,18.5,64.0,140.1,0.0386,0.1931,0.3679,0.4425,ok,2026-09-02T12:55:37+00:00
tablas-daimiel,2025-09-04,1,S2C_30SVJ_20250904_0_L2A,1.0,0.0017,0.9983,0.0536,3100.1,18.0,0.0058,8.5,52.1,123.5,0.0029,0.1268,0.2134,0.1175,incoherente,2026-09-02T12:55:37+00:00
tablas-daimiel,2025-09-06,1,S2A_30SVJ_20250906_0_L2A,1.0,0.9083,0.0917,0.076,3100.1,0.0,0.0,0.0,0.0,0.0,,,,,nublado,2026-09-02T12:55:37+00:00
tablas-daimiel,2025-09-09,1,S2B_30SVJ_20250909_0_L2A,1.0,0.0008,0.9992,0.0618,3100.1,78.6,0.0254,35.4,64.6,123.6,0.0031,0.1383,0.2697,0.307,ok,2026-09-02T12:55:37+00:00
tablas-daimiel,2025-09-14,1,S2C_30SVJ_20250914_0_L2A,1.0,0.0006,0.9994,0.0539,3100.1,16.8,0.0054,15.9,49.2,109.7,-0.0084,0.1095,0.2524,0.1591,incoherente,2026-09-02T12:55:37+00:00
tablas-daimiel,2025-09-16,1,S2A_30SVJ_20250916_0_L2A,1.0,0.0004,0.9996,0.0579,3100.1,55.0,0.0177,23.4,69.1,98.9,0.006,0.1438,0.26,0.3159,ok,2026-09-02T12:55:37+00:00
tablas-daimiel,2025-09-24,1,S2C_30SVJ_20250924_1_L2A,1.0,0.5271,0.4729,0.0631,3100.1,2.0,0.0014,4.3,0.6,9.6,0.0465,0.1008,0.1133,0.0,nublado,2026-09-02T12:55:37+00:00
tablas-daimiel,2025-09-26,1,S2A_30SVJ_20250926_0_L2A,1.0,0.0006,0.9994,0.0574,3100.1,38.4,0.0124,24.4,57.7,95.3,-0.0127,0.157,0.2696,0.3844,ok,2026-09-02T12:55:37+00:00
tablas-daimiel,2025-10-04,1,S2C_30SVJ_20251004_0_L2A,1.0,1.0,0.0,,3100.1,0.0,0.0,0.0,0.0,0.0,,,,,nublado,2026-09-02T12:55:37+00:00
tablas-daimiel,2025-10-06,1,S2A_30SVJ_20251006_0_L2A,1.0,0.1151,0.8849,0.0557,3100.1,37.9,0.0138,21.0,63.9,97.4,0.0003,0.1691,0.2885,0.3618,ok,2026-09-02T12:55:37+00:00
tablas-daimiel,2025-10-09,1,S2B_30SVJ_20251009_0_L2A,1.0,0.1184,0.8816,0.0702,3100.1,26.2,0.0096,7.2,20.6,37.3,-0.0496,0.1469,0.2166,0.1845,ok,2026-09-02T12:55:37+00:00
tablas-daimiel,2025-10-14,1,S2C_30SVJ_20251014_0_L2A,1.0,0.0003,0.9997,0.052,3100.1,15.7,0.0051,11.4,16.0,62.1,-0.0361,0.0901,0.1692,0.0483,ok,2026-09-02T12:55:37+00:00
tablas-daimiel,2025-11-03,1,S2C_30SVJ_20251103_0_L2A,1.0,0.0001,0.9999,0.0382,3100.1,26.9,0.0087,20.7,58.0,103.6,-0.0604,0.1939,0.5237,0.3527,ok,2026-09-02T12:56:10+00:00
tablas-daimiel,2025-11-08,1,S2B_30SVJ_20251108_0_L2A,1.0,0.7349,0.2651,0.0584,3100.1,2.9,0.0036,4.3,2.1,15.8,0.0288,0.0844,0.1138,0.0,nublado,2026-09-02T12:56:10+00:00
tablas-daimiel,2025-11-18,1,S2B_30SVJ_20251118_0_L2A,1.0,0.0112,0.9888,0.0415,3100.1,60.8,0.0198,25.2,62.7,112.9,0.0014,0.206,0.45,0.3904,ok,2026-09-02T12:56:10+00:00
tablas-daimiel,2025-11-25,1,S2A_30SVJ_20251125_0_L2A,1.0,0.0293,0.9707,0.0408,3100.1,23.9,0.0079,12.4,50.5,105.3,0.0025,0.1525,0.2468,0.2224,incoherente,2026-09-02T12:56:10+00:00
tablas-daimiel,2025-11-28,1,S2B_30SVJ_20251128_1_L2A,1.0,0.0,1.0,0.0449,3100.1,61.9,0.02,14.4,71.9,121.3,0.0145,0.2022,0.35,0.4503,ok,2026-09-02T12:56:10+00:00
tablas-daimiel,2025-12-03,1,S2C_30SVJ_20251203_0_L2A,1.0,0.1201,0.8799,0.03,3100.1,28.4,0.0104,13.0,51.4,110.8,0.0345,0.2032,0.3407,0.4501,ok,2026-09-02T12:56:10+00:00
tablas-daimiel,2025-12-08,1,S2B_30SVJ_20251208_0_L2A,1.0,1.0,0.0,,3100.1,0.0,0.0,0.0,0.0,0.0,,,,,nublado,2026-09-02T12:56:10+00:00
tablas-daimiel,2025-12-15,1,S2A_30SVJ_20251215_0_L2A,1.0,0.056,0.944,0.047,3100.1,22.0,0.0075,8.2,30.5,55.5,0.014,0.1336,0.2118,0.1275,ok,2026-09-02T12:56:10+00:00
tablas-daimiel,2025-12-18,1,S2B_30SVJ_20251218_0_L2A,1.0,0.7631,0.2369,0.1081,3100.1,0.0,0.0,0.1,0.0,57.7,,,,,nublado,2026-09-02T12:56:10+00:00
tablas-daimiel,2025-12-25,1,S2A_30SVJ_20251225_0_L2A,1.0,0.3541,0.6459,0.0745,3100.1,52.6,0.0263,2.9,64.8,101.8,-0.0524,0.1055,0.1803,0.06,nublado,2026-09-02T12:56:10+00:00
tablas-daimiel,2026-01-07,1,S2B_30SVJ_20260107_0_L2A,1.0,0.2966,0.7034,0.0844,3100.1,41.6,0.0191,7.3,4.5,43.3,0.0133,0.0693,0.1221,0.001,nublado,2026-09-02T12:56:10+00:00
tablas-daimiel,2026-02-21,1,S2C_30SVJ_20260221_0_L2A,1.0,0.0,1.0,0.0374,3100.1,177.9,0.0574,1.3,278.4,345.1,-0.1379,0.1886,0.3987,0.3498,ok,2026-09-02T12:56:10+00:00
tablas-daimiel,2026-02-26,1,S2B_30SVJ_20260226_0_L2A,1.0,0.0,1.0,0.0436,3100.1,159.1,0.0513,1.5,232.5,337.1,-0.071,0.1923,0.3846,0.368,ok,2026-09-02T12:56:31+00:00
tablas-daimiel,2026-03-13,1,S2C_30SVJ_20260313_0_L2A,1.0,0.0,1.0,0.0335,3100.1,8.9,0.0029,0.8,204.6,402.8,-0.0575,0.1715,0.3073,0.4843,incoherente,2026-09-02T12:56:31+00:00
tablas-daimiel,2026-03-15,1,S2A_30SVJ_20260315_0_L2A,1.0,0.1551,0.8449,0.0361,3100.1,38.9,0.0149,1.2,291.0,381.2,-0.099,0.0831,0.386,0.3196,incoherente,2026-09-02T12:56:31+00:00
tablas-daimiel,2026-03-25,1,S2A_30SVJ_20260325_0_L2A,1.0,0.0056,0.9944,0.0345,3100.1,23.3,0.0076,2.9,244.2,404.8,0.021,0.1504,0.3333,0.3825,incoherente,2026-09-02T12:56:31+00:00
tablas-daimiel,2026-03-28,1,S2B_30SVJ_20260328_0_L2A,1.0,0.0,1.0,0.0372,3100.1,35.5,0.0114,4.7,278.0,449.1,-0.0477,0.1748,0.4468,0.5276,incoherente,2026-09-02T12:56:31+00:00
tablas-daimiel,2026-04-04,1,S2A_30SVJ_20260404_0_L2A,1.0,0.0001,0.9999,0.0342,3100.1,35.8,0.0115,6.8,223.0,450.3,-0.0331,0.2434,0.4329,0.6421,incoherente,2026-09-02T12:56:31+00:00
tablas-daimiel,2026-04-14,1,S2A_30SVJ_20260414_0_L2A,1.0,0.6049,0.3951,0.0506,3100.1,6.0,0.0049,1.2,63.7,80.7,-0.1511,-0.1181,0.0701,0.0333,nublado,2026-09-02T12:56:31+00:00
tablas-daimiel,2026-04-22,1,S2C_30SVJ_20260422_0_L2A,1.0,0.0091,0.9909,0.0328,3100.1,0.0,0.0,3.9,0.0,61.2,,,,,incoherente,2026-09-02T12:56:31+00:00
tablas-daimiel,2026-04-27,1,S2B_30SVJ_20260427_0_L2A,1.0,0.0001,0.9999,0.0392,3100.1,1.7,0.0006,10.2,17.7,271.2,-0.0583,0.2196,0.3891,0.5581,incoherente,2026-09-02T12:56:31+00:00
tablas-daimiel,2026-05-04,1,S2A_30SVJ_20260504_0_L2A,1.0,0.5263,0.4737,0.0612,3100.1,47.1,0.0321,9.4,47.6,43.0,-0.1049,0.0463,0.1071,0.0025,nublado,2026-09-02T12:56:31+00:00
tablas-daimiel,2026-05-12,1,S2C_30SVJ_20260512_0_L2A,1.0,0.8991,0.1009,0.1214,3100.1,0.0,0.0,77.3,0.0,0.0,,,,,nublado,2026-09-02T12:56:31+00:00
tablas-daimiel,2026-05-14,1,S2A_30SVJ_20260514_0_L2A,1.0,0.111,0.889,0.0453,3100.1,156.0,0.0566,26.1,232.3,279.0,-0.1209,0.0903,0.2527,0.1875,ok,2026-09-02T12:56:47+00:00
tablas-daimiel,2026-05-17,1,S2B_30SVJ_20260517_0_L2A,1.0,0.5007,0.4993,0.0607,3100.1,54.9,0.0355,29.6,80.2,85.0,-0.209,0.1852,0.3805,0.5586,nublado,2026-09-02T12:56:47+00:00
tablas-daimiel,2026-05-22,1,S2C_30SVJ_20260522_0_L2A,1.0,0.2445,0.7555,0.0491,3100.1,0.0,0.0,16.2,0.0,80.7,,,,,nublado,2026-09-02T12:56:47+00:00
tablas-daimiel,2026-05-24,1,S2A_30SVJ_20260524_0_L2A,1.0,0.0002,0.9998,0.0379,3100.1,0.1,0.0,26.0,70.0,133.6,,,,,incoherente,2026-09-02T12:56:47+00:00
tablas-daimiel,2026-05-27,1,S2B_30SVJ_20260527_0_L2A,1.0,0.0003,0.9997,0.0478,3100.1,102.5,0.0331,61.8,108.7,256.0,-0.0235,0.1045,0.2758,0.2528,ok,2026-09-02T12:56:31+00:00
tablas-daimiel,2026-06-01,1,S2C_30SVJ_20260601_0_L2A,1.0,0.0003,0.9997,0.042,3100.1,6.1,0.002,48.7,213.1,235.1,-0.1306,0.3499,0.4698,0.915,incoherente,2026-09-02T12:56:47+00:00
tablas-daimiel,2026-06-03,1,S2A_30SVJ_20260603_0_L2A,1.0,0.0003,0.9997,0.048,3100.1,130.3,0.042,60.8,172.9,270.5,-0.0319,0.0982,0.2572,0.2103,ok,2026-09-02T12:56:47+00:00
tablas-daimiel,2026-06-11,1,S2C_30SVJ_20260611_0_L2A,1.0,0.0003,0.9997,0.0541,3100.1,1.8,0.0006,33.6,51.2,112.2,-0.0458,0.2326,0.2877,0.8043,incoherente,2026-09-02T12:56:47+00:00
tablas-daimiel,2026-06-13,1,S2A_30SVJ_20260613_0_L2A,1.0,0.0003,0.9997,0.0529,3100.1,0.0,0.0,22.7,0.0,80.0,,,,,incoherente,2026-09-02T12:56:47+00:00
tablas-daimiel,2026-06-16,1,S2B_30SVJ_20260616_0_L2A,1.0,0.0002,0.9998,0.0551,3100.1,160.6,0.0518,53.0,251.7,258.1,-0.1053,0.0924,0.2812,0.2663,ok,2026-09-02T12:56:56+00:00
tablas-daimiel,2026-06-21,1,S2C_30SVJ_20260621_0_L2A,1.0,0.0003,0.9997,0.0472,3100.1,0.0,0.0,6.6,0.0,82.7,,,,,incoherente,2026-09-02T12:56:56+00:00
tablas-daimiel,2026-06-23,1,S2A_30SVJ_20260623_0_L2A,1.0,0.0102,0.9898,0.0587,3100.1,0.0,0.0,12.0,0.0,79.6,,,,,incoherente,2026-09-02T12:56:47+00:00
tablas-daimiel,2026-06-26,1,S2B_30SVJ_20260626_0_L2A,1.0,0.0003,0.9997,0.0555,3100.1,122.7,0.0396,51.4,152.9,272.4,-0.0272,0.1488,0.2977,0.3802,ok,2026-09-02T12:56:47+00:00
tablas-daimiel,2026-07-01,1,S2C_30SVJ_20260701_0_L2A,1.0,0.7813,0.2187,0.0786,3100.1,1.2,0.0018,1.8,59.8,12.8,-0.0574,0.0931,0.1642,0.0667,nublado,2026-09-02T12:56:56+00:00
tablas-daimiel,2026-07-03,1,S2A_30SVJ_20260703_0_L2A,1.0,0.0004,0.9996,0.0544,3100.1,177.6,0.0573,43.4,207.4,249.8,-0.0027,0.0914,0.2263,0.1533,ok,2026-09-02T12:56:47+00:00
tablas-daimiel,2026-07-06,1,S2B_30SVJ_20260706_0_L2A,1.0,0.5924,0.4076,0.0943,3100.1,208.0,0.1646,42.9,178.9,155.0,-0.0766,0.062,0.1327,0.0033,nublado,2026-09-02T12:56:47+00:00
tablas-daimiel,2026-07-11,1,S2C_30SVJ_20260711_0_L2A,1.0,0.0004,0.9996,0.0572,3100.1,0.0,0.0,10.4,0.0,81.7,,,,,incoherente,2026-09-02T12:56:56+00:00
tablas-daimiel,2026-07-13,1,S2A_30SVJ_20260713_0_L2A,1.0,0.0005,0.9995,0.0532,3100.1,151.8,0.049,37.3,217.9,254.4,-0.0018,0.1247,0.2745,0.2409,ok,2026-09-02T12:56:56+00:00
tablas-daimiel,2026-07-16,1,S2B_30SVJ_20260716_0_L2A,1.0,0.0005,0.9995,0.0594,3100.1,190.2,0.0614,51.2,182.4,253.6,-0.0164,0.1252,0.2683,0.2082,ok,2026-09-02T12:56:56+00:00
tablas-daimiel,2026-07-21,1,S2C_30SVJ_20260721_0_L2A,1.0,0.003,0.997,0.0499,3100.1,0.0,0.0,1.8,0.0,84.5,,,,,incoherente,2026-09-02T12:56:56+00:00
tablas-daimiel,2026-07-23,1,S2A_30SVJ_20260723_0_L2A,1.0,0.8743,0.1257,0.0828,3100.1,0.0,0.0001,0.2,0.0,0.0,,,,,nublado,2026-09-02T12:56:56+00:00
tablas-daimiel,2026-07-26,1,S2B_30SVJ_20260726_0_L2A,1.0,0.0996,0.9004,0.1776,3100.1,515.5,0.1847,179.9,84.2,69.6,-0.0222,0.0326,0.0459,0.0,neblina,2026-09-02T12:56:56+00:00
tablas-daimiel,2026-07-31,1,S2C_30SVJ_20260731_0_L2A,1.0,0.0004,0.9996,0.0573,3100.1,79.9,0.0258,21.4,162.0,159.4,0.015,0.1484,0.2554,0.2412,ok,2026-09-02T12:56:56+00:00
tablas-daimiel,2026-08-02,1,S2A_30SVJ_20260802_0_L2A,1.0,0.0005,0.9995,0.0572,3100.1,188.8,0.0609,33.4,203.8,244.9,-0.0045,0.1396,0.2308,0.1837,ok,2026-09-02T12:56:56+00:00
tablas-daimiel,2026-08-05,1,S2B_30SVJ_20260805_0_L2A,1.0,0.0008,0.9992,0.0617,3100.1,213.8,0.069,39.9,229.0,267.3,-0.0578,0.1729,0.278,0.3433,ok,2026-09-02T12:56:56+00:00
tablas-daimiel,2026-08-10,1,S2C_30SVJ_20260810_1_L2A,1.0,0.0006,0.9994,0.0652,3100.1,99.1,0.032,16.9,71.6,81.0,0.0255,0.1219,0.2031,0.1114,ok,2026-09-02T12:57:14+00:00
tablas-daimiel,2026-08-12,1,S2A_30SVJ_20260812_0_L2A,1.0,0.0005,0.9995,0.0643,3100.1,173.4,0.056,27.5,140.5,89.1,0.0058,0.1201,0.2069,0.1186,ok,2026-09-02T12:57:14+00:00
tablas-daimiel,2026-08-20,1,S2C_30SVJ_20260820_0_L2A,1.0,0.2665,0.7335,0.0746,3100.1,110.8,0.0487,19.7,102.8,65.6,-0.0178,0.148,0.2272,0.247,nublado,2026-09-02T12:57:14+00:00
tablas-daimiel,2026-08-22,1,S2A_30SVJ_20260822_0_L2A,1.0,0.0003,0.9997,0.0586,3100.1,198.2,0.064,38.5,185.7,223.5,-0.0162,0.1522,0.2403,0.2528,ok,2026-09-02T12:57:14+00:00
tablas-daimiel,2026-08-25,1,S2B_30SVJ_20260825_0_L2A,1.0,0.1246,0.8754,0.0739,3100.1,147.6,0.0544,39.6,128.0,165.2,-0.0554,0.1482,0.2226,0.19,ok,2026-09-02T12:57:14+00:00
tablas-daimiel,2026-08-30,1,S2C_30SVJ_20260830_0_L2A,1.0,0.0005,0.9995,0.0562,3100.1,95.3,0.0307,24.6,180.9,235.7,-0.0068,0.1704,0.2917,0.3791,ok,2026-09-02T12:57:14+00:00
tablas-daimiel,2026-09-01,1,S2A_30SVJ_20260901_0_L2A,1.0,0.0002,0.9998,0.062,3100.1,26.2,0.0085,11.2,42.0,76.2,0.0185,0.1501,0.2072,0.1341,ok,2026-09-02T12:57:14+00:00
