date,value
2022-01-01 00:00:00,0.0
2022-01-02 00:00:00,0.0
2022-01-03 00:00:00,0.0
2022-01-04 00:00:00,0.11000000000000001
2022-01-05 00:00:00,0.12
2022-01-06 00:00:00,0.85
2022-01-07 00:00:00,0.0
2022-01-08 00:00:00,0.0
2022-01-09 00:00:00,0.0
2022-01-10 00:00:00,0.0
2022-01-11 00:00:00,0.0
2022-01-12 00:00:00,0.0
2022-01-13 00:00:00,0.0
2022-01-14 00:00:00,0.0
2022-01-15 00:00:00,0.0
2022-01-16 00:00:00,0.0
2022-01-17 00:00:00,0.0
2022-01-18 00:00:00,0.0
2022-01-19 00:00:00,0.0
2022-01-20 00:00:00,0.0
2022-01-21 00:00:00,0.0
2022-01-22 00:00:00,0.0
2022-01-23 00:00:00,0.0
2022-01-24 00:00:00,0.72
2022-01-25 00:00:00,0.0
2022-01-26 00:00:00,0.0
2022-01-27 00:00:00,0.0
2022-01-28 00:00:00,0.0
2022-01-29 00:00:00,0.0
2022-01-30 00:00:00,0.0
2022-01-31 00:00:00,0.0
2022-02-01 00:00:00,0.0
2022-02-02 00:00:00,0.0
2022-02-03 00:00:00,0.0
2022-02-04 00:00:00,0.26
2022-02-05 00:00:00,0.0
2022-02-06 00:00:00,0.0
2022-02-07 00:00:00,0.03
2022-02-08 00:00:00,0.0
2022-02-09 00:00:00,0.0
2022-02-10 00:00:00,0.0
2022-02-11 00:00:00,0.0
2022-02-12 00:00:00,0.0
2022-02-13 00:00:00,0.08
2022-02-14 00:00:00,0.05
2022-02-15 00:00:00,0.0
2022-02-16 00:00:00,0.0
2022-02-17 00:00:00,0.0
2022-02-18 00:00:00,0.0
2022-02-19 00:00:00,0.0
2022-02-20 00:00:00,0.0
2022-02-21 00:00:00,0.0
2022-02-22 00:00:00,0.0
2022-02-23 00:00:00,0.0
2022-02-24 00:00:00,0.4
2022-02-25 00:00:00,0.04
2022-02-26 00:00:00,0.8900000000000001
2022-02-27 00:00:00,0.0
2022-02-28 00:00:00,0.0
2022-03-01 00:00:00,0.0
2022-03-02 00:00:00,0.0
2022-03-03 00:00:00,5.3100000000000005
2022-03-04 00:00:00,0.0
2022-03-05 00:00:00,0.0
2022-03-06 00:00:00,0.0
2022-03-07 00:00:00,0.0
2022-03-08 00:00:00,4.180000000000001
2022-03-09 00:00:00,0.0
2022-03-10 00:00:00,0.0
2022-03-11 00:00:00,18.43
2022-03-12 00:00:00,0.9000000000000001
2022-03-13 00:00:00,3.2399999999999998
2022-03-14 00:00:00,11.059999999999999
2022-03-15 00:00:00,20.72
2022-03-16 00:00:00,4.28
2022-03-17 00:00:00,0.0
2022-03-18 00:00:00,0.0
2022-03-19 00:00:00,0.0
2022-03-20 00:00:00,15.649999999999999
2022-03-21 00:00:00,7.72
2022-03-22 00:00:00,0.01
2022-03-23 00:00:00,22.75
2022-03-24 00:00:00,35.87
2022-03-25 00:00:00,12.34
2022-03-26 00:00:00,0.13
2022-03-27 00:00:00,0.0
2022-03-28 00:00:00,0.0
2022-03-29 00:00:00,0.03
2022-03-30 00:00:00,0.0
2022-03-31 00:00:00,0.03
2022-04-01 00:00:00,0.0
2022-04-02 00:00:00,0.0
2022-04-03 00:00:00,0.0
2022-04-04 00:00:00,13.58
2022-04-05 00:00:00,13.04
2022-04-06 00:00:00,0.0
2022-04-07 00:00:00,0.0
2022-04-08 00:00:00,0.0
2022-04-09 00:00:00,0.0
2022-04-10 00:00:00,0.0
2022-04-11 00:00:00,3.98
2022-04-12 00:00:00,2.62
2022-04-13 00:00:00,0.0
2022-04-14 00:00:00,0.0
2022-04-15 00:00:00,0.0
2022-04-16 00:00:00,0.02
2022-04-17 00:00:00,0.0
2022-04-18 00:00:00,0.0
2022-04-19 00:00:00,0.0
2022-04-20 00:00:00,0.0
2022-04-21 00:00:00,0.0
2022-04-22 00:00:00,26.580000000000002
2022-04-23 00:00:00,1.9800000000000002
2022-04-24 00:00:00,0.0
2022-04-25 00:00:00,0.0
2022-04-26 00:00:00,0.27
2022-04-27 00:00:00,0.01
2022-04-28 00:00:00,0.05
2022-04-29 00:00:00,0.0
2022-04-30 00:00:00,0.0
2022-05-01 00:00:00,0.01
2022-05-02 00:00:00,3.4399999999999995
2022-05-03 00:00:00,0.0
2022-05-04 00:00:00,0.01
2022-05-05 00:00:00,0.0
2022-05-06 00:00:00,0.0
2022-05-07 00:00:00,0.0
2022-05-08 00:00:00,0.04
2022-05-09 00:00:00,0.0
2022-05-10 00:00:00,0.0
2022-05-11 00:00:00,0.01
2022-05-12 00:00:00,0.0
2022-05-13 00:00:00,0.0
2022-05-14 00:00:00,0.23
2022-05-15 00:00:00,0.0
2022-05-16 00:00:00,0.02
2022-05-17 00:00:00,0.0
2022-05-18 00:00:00,0.0
2022-05-19 00:00:00,0.42000000000000004
2022-05-20 00:00:00,0.0
2022-05-21 00:00:00,0.0
2022-05-22 00:00:00,0.0
2022-05-23 00:00:00,0.0
2022-05-24 00:00:00,0.0
2022-05-25 00:00:00,0.0
2022-05-26 00:00:00,0.0
2022-05-27 00:00:00,0.0
2022-05-28 00:00:00,0.0
2022-05-29 00:00:00,0.3
2022-05-30 00:00:00,0.03
2022-05-31 00:00:00,0.0
2022-06-01 00:00:00,0.0
2022-06-02 00:00:00,0.0
2022-06-03 00:00:00,0.94
2022-06-04 00:00:00,0.0
2022-06-05 00:00:00,0.0
2022-06-06 00:00:00,0.0
2022-06-07 00:00:00,0.0
2022-06-08 00:00:00,0.0
2022-06-09 00:00:00,0.0
2022-06-10 00:00:00,0.0
2022-06-11 00:00:00,0.01
2022-06-12 00:00:00,0.0
2022-06-13 00:00:00,0.0
2022-06-14 00:00:00,0.0
2022-06-15 00:00:00,0.62
2022-06-16 00:00:00,0.0
2022-06-17 00:00:00,0.0
2022-06-18 00:00:00,0.0
2022-06-19 00:00:00,0.0
2022-06-20 00:00:00,0.0
2022-06-21 00:00:00,0.0
2022-06-22 00:00:00,0.0
2022-06-23 00:00:00,0.0
2022-06-24 00:00:00,0.0
2022-06-25 00:00:00,0.0
2022-06-26 00:00:00,0.0
2022-06-27 00:00:00,0.0
2022-06-28 00:00:00,0.0
2022-06-29 00:00:00,0.0
2022-06-30 00:00:00,0.0
2022-07-01 00:00:00,0.05
2022-07-02 00:00:00,0.0
2022-07-03 00:00:00,0.0
2022-07-04 00:00:00,0.0
2022-07-05 00:00:00,0.0
2022-07-06 00:00:00,0.02
2022-07-07 00:00:00,0.0
2022-07-08 00:00:00,0.0
2022-07-09 00:00:00,0.0
2022-07-10 00:00:00,0.0
2022-07-11 00:00:00,0.0
2022-07-12 00:00:00,0.0
2022-07-13 00:00:00,0.0
2022-07-14 00:00:00,0.0
2022-07-15 00:00:00,0.0
2022-07-16 00:00:00,0.0
2022-07-17 00:00:00,0.0
2022-07-18 00:00:00,0.0
2022-07-19 00:00:00,0.0
2022-07-20 00:00:00,0.0
2022-07-21 00:00:00,0.0
2022-07-22 00:00:00,0.0
2022-07-23 00:00:00,0.0
2022-07-24 00:00:00,0.0
2022-07-25 00:00:00,0.0
2022-07-26 00:00:00,0.0
2022-07-27 00:00:00,0.0
2022-07-28 00:00:00,0.0
2022-07-29 00:00:00,0.0
2022-07-30 00:00:00,0.02
2022-07-31 00:00:00,0.0
2022-08-01 00:00:00,0.0
2022-08-02 00:00:00,0.0
2022-08-03 00:00:00,0.0
2022-08-04 00:00:00,0.0
2022-08-05 00:00:00,0.0
2022-08-06 00:00:00,0.0
2022-08-07 00:00:00,0.0
2022-08-08 00:00:00,0.0
2022-08-09 00:00:00,0.44000000000000006
2022-08-10 00:00:00,0.0
2022-08-11 00:00:00,0.0
2022-08-12 00:00:00,1.31
2022-08-13 00:00:00,3.0400000000000005
2022-08-14 00:00:00,0.0
2022-08-15 00:00:00,0.0
2022-08-16 00:00:00,0.0
2022-08-17 00:00:00,0.0
2022-08-18 00:00:00,0.0
2022-08-19 00:00:00,0.0
2022-08-20 00:00:00,0.0
2022-08-21 00:00:00,0.0
2022-08-22 00:00:00,0.0
2022-08-23 00:00:00,0.0
2022-08-24 00:00:00,0.0
2022-08-25 00:00:00,0.0
2022-08-26 00:00:00,0.0
2022-08-27 00:00:00,0.0
2022-08-28 00:00:00,0.0
2022-08-29 00:00:00,0.0
2022-08-30 00:00:00,0.5700000000000001
2022-08-31 00:00:00,0.0
2022-09-01 00:00:00,0.0
2022-09-02 00:00:00,0.12000000000000001
2022-09-03 00:00:00,0.0
2022-09-04 00:00:00,0.0
2022-09-05 00:00:00,0.18000000000000002
2022-09-06 00:00:00,0.0
2022-09-07 00:00:00,0.0
2022-09-08 00:00:00,0.0
2022-09-09 00:00:00,0.0
2022-09-10 00:00:00,0.0
2022-09-11 00:00:00,0.0
2022-09-12 00:00:00,2.22
2022-09-13 00:00:00,0.5
2022-09-14 00:00:00,0.0
2022-09-15 00:00:00,0.0
2022-09-16 00:00:00,0.0
2022-09-17 00:00:00,0.0
2022-09-18 00:00:00,0.02
2022-09-19 00:00:00,0.0
2022-09-20 00:00:00,0.0
2022-09-21 00:00:00,0.08
2022-09-22 00:00:00,0.0
2022-09-23 00:00:00,0.0
2022-09-24 00:00:00,0.0
2022-09-25 00:00:00,0.0
2022-09-26 00:00:00,0.0
2022-09-27 00:00:00,0.0
2022-09-28 00:00:00,0.0
2022-09-29 00:00:00,0.48
2022-09-30 00:00:00,0.0
2022-10-01 00:00:00,0.0
2022-10-02 00:00:00,0.0
2022-10-03 00:00:00,0.0
2022-10-04 00:00:00,0.0
2022-10-05 00:00:00,0.02
2022-10-06 00:00:00,0.0
2022-10-07 00:00:00,0.04
2022-10-08 00:00:00,0.0
2022-10-09 00:00:00,0.0
2022-10-10 00:00:00,0.0
2022-10-11 00:00:00,1.5099999999999998
2022-10-12 00:00:00,0.0
2022-10-13 00:00:00,0.0
2022-10-14 00:00:00,0.0
2022-10-15 00:00:00,0.02
2022-10-16 00:00:00,0.06999999999999999
2022-10-17 00:00:00,0.0
2022-10-18 00:00:00,0.5
2022-10-19 00:00:00,1.32
2022-10-20 00:00:00,4.54
2022-10-21 00:00:00,0.12
2022-10-22 00:00:00,0.08
2022-10-23 00:00:00,0.0
2022-10-24 00:00:00,0.0
2022-10-25 00:00:00,0.0
2022-10-26 00:00:00,0.0
2022-10-27 00:00:00,0.0
2022-10-28 00:00:00,0.0
2022-10-29 00:00:00,0.0
2022-10-30 00:00:00,0.0
2022-10-31 00:00:00,0.0
2022-11-01 00:00:00,0.0
2022-11-02 00:00:00,0.0
2022-11-03 00:00:00,0.0
2022-11-04 00:00:00,0.0
2022-11-05 00:00:00,0.0
2022-11-06 00:00:00,0.0
2022-11-07 00:00:00,0.0
2022-11-08 00:00:00,0.13
2022-11-09 00:00:00,12.01
2022-11-10 00:00:00,0.0
2022-11-11 00:00:00,0.0
2022-11-12 00:00:00,0.0
2022-11-13 00:00:00,0.0
2022-11-14 00:00:00,0.0
2022-11-15 00:00:00,3.4499999999999997
2022-11-16 00:00:00,5.249999999999999
2022-11-17 00:00:00,0.3
2022-11-18 00:00:00,8.190000000000001
2022-11-19 00:00:00,0.0
2022-11-20 00:00:00,0.0
2022-11-21 00:00:00,0.35000000000000003
2022-11-22 00:00:00,0.16999999999999998
2022-11-23 00:00:00,0.0
2022-11-24 00:00:00,0.0
2022-11-25 00:00:00,0.0
2022-11-26 00:00:00,0.0
2022-11-27 00:00:00,0.0
2022-11-28 00:00:00,0.02
2022-11-29 00:00:00,0.0
2022-11-30 00:00:00,5.2
2022-12-01 00:00:00,21.89
2022-12-02 00:00:00,0.0
2022-12-03 00:00:00,10.340000000000002
2022-12-04 00:00:00,7.29
2022-12-05 00:00:00,28.919999999999998
2022-12-06 00:00:00,0.0
2022-12-07 00:00:00,1.6
2022-12-08 00:00:00,22.060000000000002
2022-12-09 00:00:00,19.72
2022-12-10 00:00:00,0.84
2022-12-11 00:00:00,9.16
2022-12-12 00:00:00,0.1
2022-12-13 00:00:00,1.0
2022-12-14 00:00:00,23.71
2022-12-15 00:00:00,4.21
2022-12-16 00:00:00,6.09
2022-12-17 00:00:00,0.01
2022-12-18 00:00:00,0.0
2022-12-19 00:00:00,0.0
2022-12-20 00:00:00,0.08
2022-12-21 00:00:00,0.0
2022-12-22 00:00:00,0.0
2022-12-23 00:00:00,0.0
2022-12-24 00:00:00,0.0
2022-12-25 00:00:00,0.0
2022-12-26 00:00:00,0.0
2022-12-27 00:00:00,0.0
2022-12-28 00:00:00,0.0
2022-12-29 00:00:00,0.0
2022-12-30 00:00:00,0.0
2022-12-31 00:00:00,0.0
2023-01-01 00:00:00,0.0
2023-01-02 00:00:00,35.42
2023-01-03 00:00:00,0.0
2023-01-04 00:00:00,0.0
2023-01-05 00:00:00,0.0
2023-01-06 00:00:00,0.0
2023-01-07 00:00:00,0.0
2023-01-08 00:00:00,3.23
2023-01-09 00:00:00,0.0
2023-01-10 00:00:00,0.0
2023-01-11 00:00:00,0.0
2023-01-12 00:00:00,0.0
2023-01-13 00:00:00,0.0
2023-01-14 00:00:00,0.0
2023-01-15 00:00:00,0.0
2023-01-16 00:00:00,0.0
2023-01-17 00:00:00,0.27999999999999997
2023-01-18 00:00:00,0.14
2023-01-19 00:00:00,0.0
2023-01-20 00:00:00,0.0
2023-01-21 00:00:00,0.0
2023-01-22 00:00:00,0.0
2023-01-23 00:00:00,0.0
2023-01-24 00:00:00,0.0
2023-01-25 00:00:00,0.0
2023-01-26 00:00:00,0.0
2023-01-27 00:00:00,0.0
2023-01-28 00:00:00,0.0
2023-01-29 00:00:00,0.0
2023-01-30 00:00:00,0.0
2023-01-31 00:00:00,0.01
2023-02-01 00:00:00,0.0
2023-02-02 00:00:00,0.0
2023-02-03 00:00:00,0.0
2023-02-04 00:00:00,0.01
2023-02-05 00:00:00,0.02
2023-02-06 00:00:00,0.0
2023-02-07 00:00:00,5.24
2023-02-08 00:00:00,1.5899999999999999
2023-02-09 00:00:00,0.0
2023-02-10 00:00:00,0.0
2023-02-11 00:00:00,0.0
2023-02-12 00:00:00,0.0
2023-02-13 00:00:00,0.02
2023-02-14 00:00:00,0.0
2023-02-15 00:00:00,0.02
2023-02-16 00:00:00,0.01
2023-02-17 00:00:00,0.0
2023-02-18 00:00:00,0.11000000000000001
2023-02-19 00:00:00,0.0
2023-02-20 00:00:00,0.0
2023-02-21 00:00:00,0.01
2023-02-22 00:00:00,0.0
2023-02-23 00:00:00,0.0
2023-02-24 00:00:00,0.0
2023-02-25 00:00:00,1.1400000000000001
2023-02-26 00:00:00,0.0
2023-02-27 00:00:00,0.0
2023-02-28 00:00:00,0.0
2023-03-01 00:00:00,0.0
2023-03-02 00:00:00,0.0
2023-03-03 00:00:00,0.0
2023-03-04 00:00:00,0.0
2023-03-05 00:00:00,1.08
2023-03-06 00:00:00,18.919999999999998
2023-03-07 00:00:00,0.0
2023-03-08 00:00:00,0.35999999999999993
2023-03-09 00:00:00,0.18
2023-03-10 00:00:00,0.0
2023-03-11 00:00:00,0.04
2023-03-12 00:00:00,0.0
2023-03-13 00:00:00,0.0
2023-03-14 00:00:00,0.0
2023-03-15 00:00:00,0.0
2023-03-16 00:00:00,0.0
2023-03-17 00:00:00,0.08
2023-03-18 00:00:00,0.0
2023-03-19 00:00:00,0.0
2023-03-20 00:00:00,0.0
2023-03-21 00:00:00,0.0
2023-03-22 00:00:00,0.0
2023-03-23 00:00:00,0.0
2023-03-24 00:00:00,0.0
2023-03-25 00:00:00,0.0
2023-03-26 00:00:00,0.0
2023-03-27 00:00:00,0.0
2023-03-28 00:00:00,0.0
2023-03-29 00:00:00,0.0
2023-03-30 00:00:00,0.0
2023-03-31 00:00:00,0.0
2023-04-01 00:00:00,0.0
2023-04-02 00:00:00,0.0
2023-04-03 00:00:00,0.0
2023-04-04 00:00:00,0.0
2023-04-05 00:00:00,0.0
2023-04-06 00:00:00,0.0
2023-04-07 00:00:00,0.0
2023-04-08 00:00:00,0.0
2023-04-09 00:00:00,0.0
2023-04-10 00:00:00,0.0
2023-04-11 00:00:00,0.0
2023-04-12 00:00:00,0.060000000000000005
2023-04-13 00:00:00,0.0
2023-04-14 00:00:00,0.0
2023-04-15 00:00:00,0.0
2023-04-16 00:00:00,0.0
2023-04-17 00:00:00,0.0
2023-04-18 00:00:00,0.03
2023-04-19 00:00:00,0.0
2023-04-20 00:00:00,0.0
2023-04-21 00:00:00,0.0
2023-04-22 00:00:00,2.2399999999999998
2023-04-23 00:00:00,0.0
2023-04-24 00:00:00,0.0
2023-04-25 00:00:00,0.0
2023-04-26 00:00:00,0.0
2023-04-27 00:00:00,0.0
2023-04-28 00:00:00,0.04
2023-04-29 00:00:00,0.0
2023-04-30 00:00:00,0.0
2023-05-01 00:00:00,0.0
2023-05-02 00:00:00,0.0
2023-05-03 00:00:00,0.0
2023-05-04 00:00:00,0.01
2023-05-05 00:00:00,0.0
2023-05-06 00:00:00,0.0
2023-05-07 00:00:00,0.06
2023-05-08 00:00:00,0.0
2023-05-09 00:00:00,0.0
2023-05-10 00:00:00,0.0
2023-05-11 00:00:00,0.0
2023-05-12 00:00:00,0.0
2023-05-13 00:00:00,0.0
2023-05-14 00:00:00,0.01
2023-05-15 00:00:00,0.0
2023-05-16 00:00:00,0.0
2023-05-17 00:00:00,0.8400000000000001
2023-05-18 00:00:00,0.02
2023-05-19 00:00:00,0.0
2023-05-20 00:00:00,0.0
2023-05-21 00:00:00,6.840000000000001
2023-05-22 00:00:00,1.48
2023-05-23 00:00:00,7.280000000000001
2023-05-24 00:00:00,0.0
2023-05-25 00:00:00,0.02
2023-05-26 00:00:00,0.0
2023-05-27 00:00:00,0.27
2023-05-28 00:00:00,0.0
2023-05-29 00:00:00,0.0
2023-05-30 00:00:00,0.0
2023-05-31 00:00:00,0.0
2023-06-01 00:00:00,0.0
2023-06-02 00:00:00,0.0
2023-06-03 00:00:00,0.0
2023-06-04 00:00:00,0.0
2023-06-05 00:00:00,0.0
2023-06-06 00:00:00,2.8
2023-06-07 00:00:00,1.9700000000000002
2023-06-08 00:00:00,16.68
2023-06-09 00:00:00,0.76
2023-06-10 00:00:00,0.0
2023-06-11 00:00:00,0.0
2023-06-12 00:00:00,0.0
2023-06-13 00:00:00,0.0
2023-06-14 00:00:00,0.0
2023-06-15 00:00:00,0.0
2023-06-16 00:00:00,0.0
2023-06-17 00:00:00,0.0
2023-06-18 00:00:00,0.0
2023-06-19 00:00:00,0.0
2023-06-20 00:00:00,0.0
2023-06-21 00:00:00,0.0
2023-06-22 00:00:00,0.0
2023-06-23 00:00:00,0.0
2023-06-24 00:00:00,0.0
2023-06-25 00:00:00,0.0
2023-06-26 00:00:00,0.0
2023-06-27 00:00:00,0.0
2023-06-28 00:00:00,0.0
2023-06-29 00:00:00,0.0
2023-06-30 00:00:00,0.0
2023-07-01 00:00:00,0.0
2023-07-02 00:00:00,0.0
2023-07-03 00:00:00,0.07
2023-07-04 00:00:00,0.0
2023-07-05 00:00:00,0.0
2023-07-06 00:00:00,0.0
2023-07-07 00:00:00,0.0
2023-07-08 00:00:00,0.0
2023-07-09 00:00:00,0.11
2023-07-10 00:00:00,0.0
2023-07-11 00:00:00,0.0
2023-07-12 00:00:00,0.0
2023-07-13 00:00:00,0.0
2023-07-14 00:00:00,0.0
2023-07-15 00:00:00,0.0
2023-07-16 00:00:00,0.0
2023-07-17 00:00:00,0.0
2023-07-18 00:00:00,0.0
2023-07-19 00:00:00,0.07
2023-07-20 00:00:00,0.0
2023-07-21 00:00:00,0.0
2023-07-22 00:00:00,0.0
2023-07-23 00:00:00,0.0
2023-07-24 00:00:00,0.0
2023-07-25 00:00:00,0.0
2023-07-26 00:00:00,0.0
2023-07-27 00:00:00,0.0
2023-07-28 00:00:00,0.0
2023-07-29 00:00:00,0.0
2023-07-30 00:00:00,0.0
2023-07-31 00:00:00,0.0
2023-08-01 00:00:00,0.0
2023-08-02 00:00:00,0.03
2023-08-03 00:00:00,0.0
2023-08-04 00:00:00,0.0
2023-08-05 00:00:00,0.0
2023-08-06 00:00:00,0.0
2023-08-07 00:00:00,0.0
2023-08-08 00:00:00,0.0
2023-08-09 00:00:00,0.0
2023-08-10 00:00:00,0.0
2023-08-11 00:00:00,0.0
2023-08-12 00:00:00,0.0
2023-08-13 00:00:00,0.13
2023-08-14 00:00:00,0.02
2023-08-15 00:00:00,0.0
2023-08-16 00:00:00,0.0
2023-08-17 00:00:00,0.0
2023-08-18 00:00:00,0.0
2023-08-19 00:00:00,0.0
2023-08-20 00:00:00,0.0
2023-08-21 00:00:00,0.0
2023-08-22 00:00:00,0.0
2023-08-23 00:00:00,0.0
2023-08-24 00:00:00,0.0
2023-08-25 00:00:00,0.0
2023-08-26 00:00:00,0.6100000000000001
2023-08-27 00:00:00,0.0
2023-08-28 00:00:00,0.0
2023-08-29 00:00:00,0.0
2023-08-30 00:00:00,0.0
2023-08-31 00:00:00,0.03
2023-09-01 00:00:00,0.0
2023-09-02 00:00:00,5.1
2023-09-03 00:00:00,15.420000000000002
2023-09-04 00:00:00,0.0
2023-09-05 00:00:00,0.0
2023-09-06 00:00:00,0.0
2023-09-07 00:00:00,0.0
2023-09-08 00:00:00,0.0
2023-09-09 00:00:00,0.0
2023-09-10 00:00:00,0.0
2023-09-11 00:00:00,0.0
2023-09-12 00:00:00,0.0
2023-09-13 00:00:00,0.0
2023-09-14 00:00:00,0.0
2023-09-15 00:00:00,0.0
2023-09-16 00:00:00,1.34
2023-09-17 00:00:00,2.8
2023-09-18 00:00:00,0.0
2023-09-19 00:00:00,0.0
2023-09-20 00:00:00,0.0
2023-09-21 00:00:00,0.09
2023-09-22 00:00:00,0.01
2023-09-23 00:00:00,0.0
2023-09-24 00:00:00,0.03
2023-09-25 00:00:00,0.28
2023-09-26 00:00:00,0.01
2023-09-27 00:00:00,0.0
2023-09-28 00:00:00,0.0
2023-09-29 00:00:00,0.0
2023-09-30 00:00:00,0.0
2023-10-01 00:00:00,0.0
2023-10-02 00:00:00,0.0
2023-10-03 00:00:00,0.0
2023-10-04 00:00:00,0.0
2023-10-05 00:00:00,0.0
2023-10-06 00:00:00,0.0
2023-10-07 00:00:00,0.0
2023-10-08 00:00:00,0.0
2023-10-09 00:00:00,0.0
2023-10-10 00:00:00,0.0
2023-10-11 00:00:00,0.0
2023-10-12 00:00:00,0.0
2023-10-13 00:00:00,0.0
2023-10-14 00:00:00,0.27999999999999997
2023-10-15 00:00:00,0.0
2023-10-16 00:00:00,0.0
2023-10-17 00:00:00,8.700000000000001
2023-10-18 00:00:00,3.44
2023-10-19 00:00:00,20.270000000000003
2023-10-20 00:00:00,0.0
2023-10-21 00:00:00,0.01
2023-10-22 00:00:00,14.55
2023-10-23 00:00:00,4.000000000000001
2023-10-24 00:00:00,0.9400000000000001
2023-10-25 00:00:00,0.74
2023-10-26 00:00:00,0.51
2023-10-27 00:00:00,0.0
2023-10-28 00:00:00,0.0
2023-10-29 00:00:00,5.34
2023-10-30 00:00:00,2.0
2023-10-31 00:00:00,0.14
2023-11-01 00:00:00,0.0
2023-11-02 00:00:00,3.0900000000000003
2023-11-03 00:00:00,0.0
2023-11-04 00:00:00,0.42
2023-11-05 00:00:00,0.0
2023-11-06 00:00:00,0.0
2023-11-07 00:00:00,0.0
2023-11-08 00:00:00,0.0
2023-11-09 00:00:00,0.0
2023-11-10 00:00:00,0.0
2023-11-11 00:00:00,0.0
2023-11-12 00:00:00,0.0
2023-11-13 00:00:00,0.0
2023-11-14 00:00:00,0.0
2023-11-15 00:00:00,0.03
2023-11-16 00:00:00,0.0
2023-11-17 00:00:00,0.0
2023-11-18 00:00:00,0.03
2023-11-19 00:00:00,0.0
2023-11-20 00:00:00,0.0
2023-11-21 00:00:00,0.0
2023-11-22 00:00:00,0.0
2023-11-23 00:00:00,0.0
2023-11-24 00:00:00,0.0
2023-11-25 00:00:00,0.0
2023-11-26 00:00:00,0.0
2023-11-27 00:00:00,0.0
2023-11-28 00:00:00,0.0
2023-11-29 00:00:00,4.98
2023-11-30 00:00:00,0.21
2023-12-01 00:00:00,23.009999999999998
2023-12-02 00:00:00,0.0
2023-12-14 00:00:00,0.0
2023-12-15 00:00:00,0.0
2023-12-16 00:00:00,0.0
2023-12-17 00:00:00,0.0
2023-12-18 00:00:00,0.0
2023-12-19 00:00:00,0.0
2023-12-20 00:00:00,0.03
2023-12-21 00:00:00,0.0
2023-12-22 00:00:00,0.0
2023-12-23 00:00:00,0.0
2023-12-24 00:00:00,0.0
2023-12-25 00:00:00,0.0
2023-12-26 00:00:00,0.0
2023-12-27 00:00:00,0.01
2023-12-28 00:00:00,0.0
2023-12-29 00:00:00,0.0
2023-12-30 00:00:00,0.0
2023-12-31 00:00:00,0.0
2024-01-01 00:00:00,0.0
2024-01-02 00:00:00,0.0
2024-01-03 00:00:00,0.0
2024-01-04 00:00:00,3.26
2024-01-05 00:00:00,0.43000000000000005
2024-01-06 00:00:00,0.0
2024-01-07 00:00:00,0.0
2024-01-08 00:00:00,1.69
2024-01-09 00:00:00,0.25
2024-01-10 00:00:00,0.0
2024-01-11 00:00:00,0.0
2024-01-12 00:00:00,0.0
2024-01-13 00:00:00,0.0
2024-01-14 00:00:00,0.0
2024-01-15 00:00:00,0.0
2024-01-16 00:00:00,23.58
2024-01-17 00:00:00,4.23
2024-01-18 00:00:00,0.060000000000000005
2024-01-19 00:00:00,15.91
2024-01-20 00:00:00,0.01
2024-01-21 00:00:00,0.0
2024-01-22 00:00:00,0.0
2024-01-23 00:00:00,0.0
2024-01-24 00:00:00,0.0
2024-01-25 00:00:00,0.0
2024-01-26 00:00:00,0.0
2024-01-27 00:00:00,0.0
2024-01-28 00:00:00,0.0
2024-01-29 00:00:00,0.0
2024-01-30 00:00:00,0.0
2024-01-31 00:00:00,0.0
2024-02-01 00:00:00,0.0
2024-02-02 00:00:00,0.0
2024-02-03 00:00:00,0.0
2024-02-04 00:00:00,0.0
2024-02-05 00:00:00,0.0
2024-02-06 00:00:00,0.0
2024-02-07 00:00:00,0.0
2024-02-08 00:00:00,24.47
2024-02-09 00:00:00,31.910000000000004
2024-02-10 00:00:00,0.0
2024-02-11 00:00:00,6.199999999999999
2024-02-12 00:00:00,0.13
2024-02-13 00:00:00,0.0
2024-02-14 00:00:00,0.0
2024-02-15 00:00:00,2.54
2024-02-16 00:00:00,0.0
2024-02-17 00:00:00,0.0
2024-02-18 00:00:00,0.0
2024-02-19 00:00:00,0.0
2024-02-20 00:00:00,0.0
2024-02-21 00:00:00,0.0
2024-02-22 00:00:00,1.24
2024-02-23 00:00:00,0.15000000000000002
2024-02-24 00:00:00,0.0
2024-02-25 00:00:00,0.25
2024-02-26 00:00:00,3.4700000000000006
2024-02-27 00:00:00,0.0
2024-02-28 00:00:00,0.0
2024-02-29 00:00:00,0.0
2024-03-01 00:00:00,0.0
2024-03-02 00:00:00,0.19000000000000003
2024-03-03 00:00:00,0.0
2024-03-04 00:00:00,1.0
2024-03-05 00:00:00,0.0
2024-03-06 00:00:00,0.0
2024-03-07 00:00:00,30.72
2024-03-08 00:00:00,20.86
2024-03-09 00:00:00,10.3
2024-03-10 00:00:00,0.01
2024-03-11 00:00:00,0.0
2024-03-12 00:00:00,0.0
2024-03-13 00:00:00,0.03
2024-03-14 00:00:00,0.0
2024-03-15 00:00:00,0.0
2024-03-16 00:00:00,0.0
2024-03-17 00:00:00,0.0
2024-03-18 00:00:00,0.0
2024-03-19 00:00:00,0.0
2024-03-20 00:00:00,0.0
2024-03-21 00:00:00,0.91
2024-03-22 00:00:00,0.0
2024-03-23 00:00:00,0.0
2024-03-24 00:00:00,5.78
2024-03-25 00:00:00,3.91
2024-03-26 00:00:00,9.03
2024-03-27 00:00:00,6.09
2024-03-28 00:00:00,4.64
2024-03-29 00:00:00,33.370000000000005
2024-03-30 00:00:00,32.35
2024-03-31 00:00:00,75.29
2024-04-01 00:00:00,0.0
2024-04-02 00:00:00,0.0
2024-04-03 00:00:00,0.13
2024-04-04 00:00:00,0.0
2024-04-05 00:00:00,0.0
2024-04-06 00:00:00,0.0
2024-04-07 00:00:00,0.21000000000000002
2024-04-08 00:00:00,0.0
2024-04-09 00:00:00,0.0
2024-04-10 00:00:00,0.0
2024-04-11 00:00:00,0.0
2024-04-12 00:00:00,0.0
2024-04-13 00:00:00,0.0
2024-04-14 00:00:00,0.0
2024-04-15 00:00:00,0.01
2024-04-16 00:00:00,0.0
2024-04-17 00:00:00,0.51
2024-04-18 00:00:00,0.0
2024-04-19 00:00:00,0.0
2024-04-20 00:00:00,0.15999999999999998
2024-04-21 00:00:00,0.07
2024-04-22 00:00:00,0.0
2024-04-23 00:00:00,0.01
2024-04-24 00:00:00,0.0
2024-04-25 00:00:00,0.0
2024-04-26 00:00:00,0.53
2024-04-27 00:00:00,5.66
2024-04-28 00:00:00,0.01
2024-04-29 00:00:00,0.0
2024-04-30 00:00:00,0.06
2024-05-01 00:00:00,5.010000000000001
2024-05-02 00:00:00,0.0
2024-05-03 00:00:00,0.06
2024-05-04 00:00:00,0.0
2024-05-05 00:00:00,0.0
2024-05-06 00:00:00,0.0
2024-05-07 00:00:00,0.01
2024-05-08 00:00:00,0.03
2024-05-09 00:00:00,0.0
2024-05-10 00:00:00,0.0
2024-05-11 00:00:00,0.0
2024-05-12 00:00:00,0.0
2024-05-13 00:00:00,0.0
2024-05-14 00:00:00,0.0
2024-05-15 00:00:00,0.01
2024-05-16 00:00:00,0.03
2024-05-17 00:00:00,0.0
2024-05-18 00:00:00,0.03
2024-05-19 00:00:00,0.07
2024-05-20 00:00:00,0.14
2024-05-21 00:00:00,0.0
2024-05-22 00:00:00,0.18000000000000002
2024-05-23 00:00:00,0.11
2024-05-24 00:00:00,0.0
2024-05-25 00:00:00,0.0
2024-05-26 00:00:00,0.0
2024-05-27 00:00:00,0.0
2024-05-28 00:00:00,0.0
2024-05-29 00:00:00,0.0
2024-05-30 00:00:00,0.0
2024-05-31 00:00:00,0.05
2024-06-01 00:00:00,0.0
2024-06-02 00:00:00,0.0
2024-06-03 00:00:00,0.0
2024-06-04 00:00:00,0.0
2024-06-05 00:00:00,0.01
2024-06-06 00:00:00,0.0
2024-06-07 00:00:00,0.0
2024-06-08 00:00:00,0.0
2024-06-09 00:00:00,0.79
2024-06-10 00:00:00,0.0
2024-06-11 00:00:00,0.0
2024-06-12 00:00:00,0.0
2024-06-13 00:00:00,0.0
2024-06-14 00:00:00,0.0
2024-06-15 00:00:00,0.09
2024-06-16 00:00:00,0.0
2024-06-17 00:00:00,0.0
2024-06-18 00:00:00,0.07
2024-06-19 00:00:00,11.35
2024-06-20 00:00:00,0.0
2024-06-21 00:00:00,0.0
2024-06-22 00:00:00,0.07
2024-06-23 00:00:00,0.0
2024-06-24 00:00:00,0.0
2024-06-25 00:00:00,0.0
2024-06-26 00:00:00,0.0
2024-06-27 00:00:00,0.060000000000000005
2024-06-28 00:00:00,0.23
2024-06-29 00:00:00,0.0
2024-06-30 00:00:00,0.0
2024-07-01 00:00:00,0.0
2024-07-02 00:00:00,0.0
2024-07-03 00:00:00,0.0
2024-07-04 00:00:00,0.0
2024-07-05 00:00:00,0.18
2024-07-06 00:00:00,0.01
2024-07-07 00:00:00,0.0
2024-07-08 00:00:00,0.0
2024-07-09 00:00:00,0.0
2024-07-10 00:00:00,0.0
2024-07-11 00:00:00,0.0
2024-07-12 00:00:00,0.0
2024-07-13 00:00:00,0.02
2024-07-14 00:00:00,0.0
2024-07-15 00:00:00,0.0
2024-07-16 00:00:00,0.0
2024-07-17 00:00:00,0.0
2024-07-18 00:00:00,0.0
2024-07-19 00:00:00,0.0
2024-07-20 00:00:00,0.01
2024-07-21 00:00:00,0.0
2024-07-22 00:00:00,0.0
2024-07-23 00:00:00,0.0
2024-07-24 00:00:00,0.06
2024-07-25 00:00:00,0.0
2024-07-26 00:00:00,0.0
2024-07-27 00:00:00,0.0
2024-07-28 00:00:00,0.0
2024-07-29 00:00:00,1.9100000000000001
2024-07-30 00:00:00,0.0
2024-07-31 00:00:00,0.0
2024-08-01 00:00:00,0.0
2024-08-02 00:00:00,0.0
2024-08-03 00:00:00,0.0
2024-08-04 00:00:00,0.0
2024-08-05 00:00:00,0.02
2024-08-06 00:00:00,0.0
2024-08-07 00:00:00,0.01
2024-08-08 00:00:00,0.0
2024-08-09 00:00:00,0.19
2024-08-10 00:00:00,0.0
2024-08-11 00:00:00,0.0
2024-08-12 00:00:00,0.0
2024-08-13 00:00:00,0.04
2024-08-14 00:00:00,0.0
2024-08-15 00:00:00,0.0
2024-08-16 00:00:00,0.0
2024-08-17 00:00:00,0.0
2024-08-18 00:00:00,0.0
2024-08-19 00:00:00,0.0
2024-08-20 00:00:00,0.0
2024-08-21 00:00:00,0.0
2024-08-22 00:00:00,0.11
2024-08-23 00:00:00,0.0
2024-08-24 00:00:00,0.0
2024-08-25 00:00:00,0.0
2024-08-26 00:00:00,0.0
2024-08-27 00:00:00,0.0
2024-08-28 00:00:00,0.0
2024-08-29 00:00:00,0.0
2024-08-30 00:00:00,0.0
2024-08-31 00:00:00,0.0
2024-09-01 00:00:00,0.0
2024-09-02 00:00:00,0.0
2024-09-03 00:00:00,0.0
2024-09-04 00:00:00,0.0
2024-09-05 00:00:00,0.0
2024-09-06 00:00:00,0.0
2024-09-07 00:00:00,2.31
2024-09-08 00:00:00,0.02
2024-09-09 00:00:00,0.0
2024-09-10 00:00:00,0.0
2024-09-11 00:00:00,0.0
2024-09-12 00:00:00,0.0
2024-09-13 00:00:00,0.0
2024-09-14 00:00:00,0.0
2024-09-15 00:00:00,0.0
2024-09-16 00:00:00,0.0
2024-09-17 00:00:00,0.0
2024-09-18 00:00:00,0.0
2024-09-19 00:00:00,0.0
2024-09-20 00:00:00,0.0
2024-09-21 00:00:00,0.0
2024-09-22 00:00:00,0.0
2024-09-23 00:00:00,0.0
2024-09-24 00:00:00,0.0
2024-09-25 00:00:00,0.0
2024-09-26 00:00:00,0.0
2024-09-27 00:00:00,0.0
2024-09-28 00:00:00,0.0
2024-09-29 00:00:00,0.0
2024-09-30 00:00:00,0.0
2024-10-01 00:00:00,0.0
2024-10-02 00:00:00,0.0
2024-10-03 00:00:00,0.0
2024-10-04 00:00:00,0.0
2024-10-05 00:00:00,0.0
2024-10-06 00:00:00,0.0
2024-10-07 00:00:00,1.21
2024-10-08 00:00:00,0.0
2024-10-09 00:00:00,0.42000000000000004
2024-10-10 00:00:00,0.0
2024-10-11 00:00:00,3.8200000000000003
2024-10-12 00:00:00,34.760000000000005
2024-10-13 00:00:00,16.67
2024-10-14 00:00:00,0.12
2024-10-15 00:00:00,12.040000000000001
2024-10-16 00:00:00,15.700000000000001
2024-10-17 00:00:00,0.0
2024-10-18 00:00:00,0.0
2024-10-19 00:00:00,0.0
2024-10-20 00:00:00,0.0
2024-10-21 00:00:00,0.0
2024-10-22 00:00:00,0.0
2024-10-23 00:00:00,0.0
2024-10-24 00:00:00,0.0
2024-10-25 00:00:00,0.6100000000000001
2024-10-26 00:00:00,8.809999999999999
2024-10-27 00:00:00,0.0
2024-10-28 00:00:00,0.0
2024-10-29 00:00:00,32.620000000000005
2024-10-30 00:00:00,32.78000000000001
2024-10-31 00:00:00,0.93
2024-11-01 00:00:00,12.290000000000001
2024-11-02 00:00:00,0.0
2024-11-03 00:00:00,0.0
2024-11-04 00:00:00,0.15
2024-11-05 00:00:00,0.0
2024-11-06 00:00:00,0.0
2024-11-07 00:00:00,0.0
2024-11-08 00:00:00,0.03
2024-11-09 00:00:00,0.0
2024-11-10 00:00:00,0.45
2024-11-11 00:00:00,0.0
2024-11-12 00:00:00,0.0
2024-11-13 00:00:00,0.060000000000000005
2024-11-14 00:00:00,33.36
2024-11-15 00:00:00,0.03
2024-11-16 00:00:00,0.2
2024-11-17 00:00:00,0.9600000000000001
2024-11-18 00:00:00,0.0
2024-11-19 00:00:00,0.01
2024-11-20 00:00:00,0.0
2024-11-21 00:00:00,0.01
2024-11-22 00:00:00,0.01
2024-11-23 00:00:00,0.0
2024-11-24 00:00:00,0.0
2024-11-25 00:00:00,2.09
2024-11-26 00:00:00,0.0
2024-11-27 00:00:00,0.0
2024-11-28 00:00:00,0.0
2024-11-29 00:00:00,0.01
2024-11-30 00:00:00,0.0
2024-12-01 00:00:00,0.8099999999999999
2024-12-02 00:00:00,0.14
2024-12-03 00:00:00,0.0
2024-12-04 00:00:00,0.02
2024-12-05 00:00:00,0.0
2024-12-06 00:00:00,0.01
2024-12-07 00:00:00,0.04
2024-12-08 00:00:00,0.0
2024-12-09 00:00:00,0.0
2024-12-10 00:00:00,0.0
2024-12-11 00:00:00,0.05
2024-12-12 00:00:00,7.82
2024-12-13 00:00:00,0.0
2024-12-14 00:00:00,0.0
2024-12-15 00:00:00,0.0
2024-12-16 00:00:00,0.0
2024-12-17 00:00:00,0.0
2024-12-18 00:00:00,0.01
2024-12-19 00:00:00,0.8
2024-12-20 00:00:00,0.0
2024-12-21 00:00:00,0.0
2024-12-22 00:00:00,0.0
2024-12-23 00:00:00,0.0
2024-12-24 00:00:00,0.0
2024-12-25 00:00:00,0.0
2024-12-26 00:00:00,0.01
2024-12-27 00:00:00,1.69
2024-12-28 00:00:00,0.0
2024-12-29 00:00:00,0.0
2024-12-30 00:00:00,0.02
2024-12-31 00:00:00,0.0
2025-01-01 00:00:00,0.02
2025-01-02 00:00:00,0.0
2025-01-03 00:00:00,0.0
2025-01-04 00:00:00,0.0
2025-01-05 00:00:00,4.95
2025-01-06 00:00:00,6.8
2025-01-07 00:00:00,0.0
2025-01-08 00:00:00,0.02
2025-01-09 00:00:00,0.16
2025-01-10 00:00:00,0.01
2025-01-11 00:00:00,0.03
2025-01-12 00:00:00,0.0
2025-01-13 00:00:00,0.0
2025-01-14 00:00:00,0.0
2025-01-15 00:00:00,0.0
2025-01-16 00:00:00,0.0
2025-01-17 00:00:00,0.0
2025-01-18 00:00:00,0.0
2025-01-19 00:00:00,0.0
2025-01-20 00:00:00,50.239999999999995
2025-01-21 00:00:00,27.01
2025-01-22 00:00:00,2.7399999999999998
2025-01-23 00:00:00,8.63
2025-01-24 00:00:00,0.07
2025-01-25 00:00:00,2.94
2025-01-26 00:00:00,1.1500000000000001
2025-01-27 00:00:00,0.7100000000000001
2025-01-28 00:00:00,1.9999999999999998
2025-01-29 00:00:00,11.179999999999998
2025-01-30 00:00:00,0.0
2025-01-31 00:00:00,0.0
2025-02-01 00:00:00,0.0
2025-02-02 00:00:00,0.0
2025-02-03 00:00:00,0.0
2025-02-04 00:00:00,0.0
2025-02-05 00:00:00,0.0
2025-02-06 00:00:00,0.03
2025-02-07 00:00:00,0.060000000000000005
2025-02-08 00:00:00,0.03
2025-02-09 00:00:00,0.0
2025-02-10 00:00:00,0.0
2025-02-11 00:00:00,4.01
2025-02-12 00:00:00,0.0
2025-02-13 00:00:00,0.0
2025-02-14 00:00:00,0.0
2025-02-15 00:00:00,0.0
2025-02-16 00:00:00,0.01
2025-02-17 00:00:00,0.01
2025-02-18 00:00:00,0.0
2025-02-19 00:00:00,0.06999999999999999
2025-02-20 00:00:00,0.0
2025-02-21 00:00:00,0.3
2025-02-22 00:00:00,5.96
2025-02-23 00:00:00,0.17
2025-02-24 00:00:00,0.0
2025-02-25 00:00:00,0.0
2025-02-26 00:00:00,0.0
2025-02-27 00:00:00,0.0
2025-02-28 00:00:00,0.9299999999999999
2025-03-01 00:00:00,0.0
2025-03-02 00:00:00,2.43
2025-03-03 00:00:00,11.18
2025-03-04 00:00:00,0.41
2025-03-05 00:00:00,18.03
2025-03-06 00:00:00,0.0
2025-03-07 00:00:00,15.02
2025-03-08 00:00:00,30.71
2025-03-09 00:00:00,43.44
2025-03-10 00:00:00,25.869999999999997
2025-03-11 00:00:00,11.38
2025-03-12 00:00:00,9.98
2025-03-13 00:00:00,19.9
2025-03-14 00:00:00,17.5
2025-03-15 00:00:00,3.24
2025-03-16 00:00:00,10.51
2025-03-17 00:00:00,48.73
2025-03-18 00:00:00,0.6900000000000001
2025-03-19 00:00:00,1.1400000000000001
2025-03-20 00:00:00,43.33
2025-03-21 00:00:00,13.51
2025-03-22 00:00:00,1.7899999999999998
2025-03-23 00:00:00,14.730000000000002
2025-03-24 00:00:00,0.0
2025-03-25 00:00:00,0.0
2025-03-26 00:00:00,0.0
2025-03-27 00:00:00,0.07
2025-03-28 00:00:00,0.0
2025-03-29 00:00:00,0.0
2025-03-30 00:00:00,0.96
2025-03-31 00:00:00,0.65
2025-04-01 00:00:00,0.01
2025-04-02 00:00:00,6.89
2025-04-03 00:00:00,10.899999999999999
2025-04-04 00:00:00,17.360000000000003
2025-04-05 00:00:00,0.0
2025-04-06 00:00:00,0.2
2025-04-07 00:00:00,0.0
2025-04-08 00:00:00,0.0
2025-04-09 00:00:00,0.0
2025-04-10 00:00:00,0.15
2025-04-11 00:00:00,12.05
2025-04-12 00:00:00,0.0
2025-04-13 00:00:00,2.9399999999999995
2025-04-14 00:00:00,3.91
2025-04-15 00:00:00,5.45
2025-04-16 00:00:00,0.0
2025-04-17 00:00:00,0.0
2025-04-18 00:00:00,0.17
2025-04-19 00:00:00,0.13
2025-04-20 00:00:00,0.05
2025-04-21 00:00:00,4.59
2025-04-22 00:00:00,0.01
2025-04-23 00:00:00,1.31
2025-04-24 00:00:00,0.0
2025-04-25 00:00:00,0.0
2025-04-26 00:00:00,1.0
2025-04-27 00:00:00,0.66
2025-04-28 00:00:00,0.0
2025-04-29 00:00:00,0.04
2025-04-30 00:00:00,3.31
2025-05-01 00:00:00,0.7100000000000001
2025-05-02 00:00:00,10.31
2025-05-03 00:00:00,5.96
2025-05-04 00:00:00,0.01
2025-05-05 00:00:00,0.22999999999999998
2025-05-06 00:00:00,0.01
2025-05-07 00:00:00,0.0
2025-05-08 00:00:00,0.0
2025-05-09 00:00:00,0.0
2025-05-10 00:00:00,0.0
2025-05-11 00:00:00,0.35
2025-05-12 00:00:00,0.0
2025-05-13 00:00:00,0.0
2025-05-14 00:00:00,0.03
2025-05-15 00:00:00,0.17
2025-05-16 00:00:00,0.060000000000000005
2025-05-17 00:00:00,0.0
2025-05-18 00:00:00,0.0
2025-05-19 00:00:00,0.0
2025-05-20 00:00:00,0.0
2025-05-21 00:00:00,0.05
2025-05-22 00:00:00,0.03
2025-05-23 00:00:00,0.0
2025-05-24 00:00:00,0.0
2025-05-25 00:00:00,0.0
2025-05-26 00:00:00,0.0
2025-05-27 00:00:00,0.0
2025-05-28 00:00:00,0.0
2025-05-29 00:00:00,0.01
2025-05-30 00:00:00,0.91
2025-05-31 00:00:00,0.0
2025-06-01 00:00:00,0.01
2025-06-02 00:00:00,0.0
2025-06-03 00:00:00,0.0
2025-06-04 00:00:00,0.0
2025-06-05 00:00:00,0.0
2025-06-06 00:00:00,0.0
2025-06-07 00:00:00,0.0
2025-06-08 00:00:00,0.04
2025-06-09 00:00:00,0.01
2025-06-10 00:00:00,0.13
2025-06-11 00:00:00,0.1
2025-06-12 00:00:00,0.0
2025-06-13 00:00:00,0.0
2025-06-14 00:00:00,0.01
2025-06-15 00:00:00,0.05
2025-06-16 00:00:00,0.0
2025-06-17 00:00:00,0.03
2025-06-18 00:00:00,0.0
2025-06-19 00:00:00,0.0
2025-06-20 00:00:00,0.0
2025-06-21 00:00:00,0.0
2025-06-22 00:00:00,0.01
2025-06-23 00:00:00,0.32999999999999996
2025-06-24 00:00:00,3.43
2025-06-25 00:00:00,0.0
2025-06-26 00:00:00,0.02
2025-06-27 00:00:00,0.0
2025-06-28 00:00:00,0.04
2025-06-29 00:00:00,0.0
2025-06-30 00:00:00,0.0
2025-07-01 00:00:00,0.01
2025-07-02 00:00:00,0.0
2025-07-03 00:00:00,0.0
2025-07-04 00:00:00,0.0
2025-07-05 00:00:00,0.0
2025-07-06 00:00:00,0.0
2025-07-07 00:00:00,0.0
2025-07-08 00:00:00,0.0
2025-07-09 00:00:00,0.0
2025-07-10 00:00:00,0.0
2025-07-11 00:00:00,0.0
2025-07-12 00:00:00,0.0
2025-07-13 00:00:00,0.0
2025-07-14 00:00:00,0.0
2025-07-15 00:00:00,0.0
2025-07-16 00:00:00,0.0
2025-07-17 00:00:00,0.0
2025-07-18 00:00:00,0.0
2025-07-19 00:00:00,0.0
2025-07-20 00:00:00,0.32
2025-07-21 00:00:00,0.0
2025-07-22 00:00:00,0.0
2025-07-23 00:00:00,0.0
2025-07-24 00:00:00,0.0
2025-07-25 00:00:00,0.0
2025-07-26 00:00:00,0.0
2025-07-27 00:00:00,0.61
2025-07-28 00:00:00,0.42000000000000004
2025-07-29 00:00:00,0.5
2025-07-30 00:00:00,0.44000000000000006
2025-07-31 00:00:00,1.18
2025-08-01 00:00:00,0.66
2025-08-02 00:00:00,1.4400000000000002
2025-08-03 00:00:00,0.24000000000000002
2025-08-04 00:00:00,5.34
2025-08-05 00:00:00,1.0499999999999998
2025-08-06 00:00:00,2.84
2025-08-07 00:00:00,0.7200000000000001
2025-08-08 00:00:00,3.08
2025-08-09 00:00:00,1.96
2025-08-10 00:00:00,6.250000000000001
2025-08-11 00:00:00,1.52
2025-08-12 00:00:00,1.2599999999999998
2025-08-13 00:00:00,7.05
2025-08-14 00:00:00,6.62
2025-08-15 00:00:00,6.5200000000000005
2025-08-16 00:00:00,6.580000000000001
2025-08-17 00:00:00,11.759999999999998
2025-08-18 00:00:00,10.81
2025-08-19 00:00:00,28.820000000000004
2025-08-20 00:00:00,24.42
2025-08-21 00:00:00,22.06
2025-08-22 00:00:00,16.41
2025-08-23 00:00:00,16.28
2025-08-24 00:00:00,0.8300000000000001
2025-08-25 00:00:00,0.0
2025-08-26 00:00:00,0.0
2025-08-27 00:00:00,0.0
2025-08-28 00:00:00,0.0
2025-08-29 00:00:00,0.0
2025-08-30 00:00:00,0.0
2025-08-31 00:00:00,0.0
2025-09-01 00:00:00,0.0
2025-09-02 00:00:00,0.0
2025-09-03 00:00:00,0.0
2025-09-04 00:00:00,0.0
2025-09-05 00:00:00,0.0
2025-09-06 00:00:00,0.0
2025-09-07 00:00:00,0.0
2025-09-08 00:00:00,0.01
2025-09-09 00:00:00,1.78
2025-09-10 00:00:00,0.0
2025-09-11 00:00:00,0.0
2025-09-12 00:00:00,1.1600000000000001
2025-09-13 00:00:00,0.0
2025-09-14 00:00:00,0.0
2025-09-15 00:00:00,0.0
2025-09-16 00:00:00,0.0
2025-09-17 00:00:00,0.24000000000000002
2025-09-18 00:00:00,0.0
2025-09-19 00:00:00,0.0
2025-09-20 00:00:00,0.0
2025-09-21 00:00:00,0.0
2025-09-22 00:00:00,1.55
2025-09-23 00:00:00,0.0
2025-09-24 00:00:00,0.01
2025-09-25 00:00:00,0.0
2025-09-26 00:00:00,0.0
2025-09-27 00:00:00,0.0
2025-09-28 00:00:00,0.01
2025-09-29 00:00:00,0.05
2025-09-30 00:00:00,0.0
2025-10-01 00:00:00,0.19999999999999998
2025-10-02 00:00:00,0.0
2025-10-03 00:00:00,0.12
2025-10-04 00:00:00,0.0
2025-10-05 00:00:00,0.02
2025-10-06 00:00:00,2.85
2025-10-07 00:00:00,8.72
2025-10-08 00:00:00,10.4
2025-10-09 00:00:00,6.630000000000001
2025-10-10 00:00:00,4.82
2025-10-11 00:00:00,7.419999999999999
2025-10-12 00:00:00,6.42
2025-10-13 00:00:00,6.41
2025-10-14 00:00:00,6.530000000000001
2025-10-15 00:00:00,3.22
2025-10-16 00:00:00,1.4700000000000002
2025-10-17 00:00:00,1.06
2025-10-18 00:00:00,0.74
2025-10-19 00:00:00,0.66
2025-10-20 00:00:00,1.17
2025-10-21 00:00:00,0.45999999999999996
2025-10-22 00:00:00,0.75
2025-10-23 00:00:00,0.0
2025-10-24 00:00:00,0.35000000000000003
2025-10-25 00:00:00,0.65
2025-10-26 00:00:00,3.58
2025-10-27 00:00:00,2.7
2025-10-28 00:00:00,6.11
2025-10-29 00:00:00,9.21
2025-10-30 00:00:00,0.0
2025-10-31 00:00:00,0.0
2025-11-01 00:00:00,0.29
2025-11-02 00:00:00,0.09
2025-11-03 00:00:00,3.2299999999999995
2025-11-04 00:00:00,1.49
2025-11-05 00:00:00,0.0
2025-11-06 00:00:00,0.0
2025-11-07 00:00:00,0.0
2025-11-08 00:00:00,0.31
2025-11-09 00:00:00,0.0
2025-11-10 00:00:00,0.9
2025-11-11 00:00:00,0.02
2025-11-12 00:00:00,0.0
2025-11-13 00:00:00,3.44
2025-11-14 00:00:00,1.7600000000000002
2025-11-15 00:00:00,3.58
2025-11-16 00:00:00,0.06999999999999999
2025-11-17 00:00:00,1.9800000000000002
2025-11-18 00:00:00,0.0
2025-11-19 00:00:00,0.0
2025-11-20 00:00:00,1.1300000000000001
2025-11-21 00:00:00,0.0
2025-11-22 00:00:00,0.01
2025-11-23 00:00:00,0.0
2025-11-24 00:00:00,0.61
2025-11-25 00:00:00,0.01
2025-11-26 00:00:00,0.0
2025-11-27 00:00:00,0.0
2025-11-28 00:00:00,0.0
2025-11-29 00:00:00,0.0
2025-11-30 00:00:00,0.37
2025-12-01 00:00:00,0.0
2025-12-02 00:00:00,1.7500000000000002
2025-12-03 00:00:00,0.0
2025-12-04 00:00:00,0.0
2025-12-05 00:00:00,0.0
2025-12-06 00:00:00,0.0
2025-12-07 00:00:00,0.0
2025-12-08 00:00:00,0.0
2025-12-09 00:00:00,0.0
2025-12-10 00:00:00,0.30000000000000004
2025-12-11 00:00:00,0.02
2025-12-12 00:00:00,0.15
2025-12-13 00:00:00,0.9100000000000001
2025-12-14 00:00:00,0.8300000000000001
2025-12-15 00:00:00,3.0300000000000002
2025-12-16 00:00:00,0.01
2025-12-17 00:00:00,0.0
2025-12-18 00:00:00,0.0
2025-12-19 00:00:00,9.11
2025-12-20 00:00:00,1.23
2025-12-21 00:00:00,0.29000000000000004
2025-12-22 00:00:00,0.05
2025-12-23 00:00:00,0.05
2025-12-24 00:00:00,0.77
2025-12-25 00:00:00,0.0
2025-12-26 00:00:00,0.04
2025-12-27 00:00:00,6.579999999999999
2025-12-28 00:00:00,0.04
2025-12-29 00:00:00,0.0
2025-12-30 00:00:00,0.0
2025-12-31 00:00:00,0.0
2026-01-01 00:00:00,0.0
2026-01-02 00:00:00,0.0
2026-01-03 00:00:00,0.6000000000000001
2026-01-04 00:00:00,5.640000000000001
2026-01-05 00:00:00,0.0
2026-01-06 00:00:00,0.0
2026-01-07 00:00:00,0.02
2026-01-08 00:00:00,0.08
2026-01-09 00:00:00,0.06
2026-01-10 00:00:00,0.0
2026-01-11 00:00:00,0.0
2026-01-12 00:00:00,0.0
2026-01-13 00:00:00,1.85
2026-01-14 00:00:00,0.0
2026-01-16 00:00:00,0.42999999999999994
2026-01-17 00:00:00,0.6600000000000001
2026-01-18 00:00:00,0.0
2026-01-19 00:00:00,0.0
2026-01-20 00:00:00,0.0
2026-01-21 00:00:00,0.75
2026-01-22 00:00:00,0.16
2026-01-23 00:00:00,3.0500000000000003
2026-01-24 00:00:00,0.0
2026-01-25 00:00:00,0.04
2026-01-26 00:00:00,0.0
2026-01-27 00:00:00,1.6600000000000001
2026-01-28 00:00:00,8.84
2026-01-29 00:00:00,0.0
2026-01-30 00:00:00,0.0
2026-01-31 00:00:00,0.0
2026-02-01 00:00:00,0.0
2026-02-02 00:00:00,7.239999999999999
2026-02-03 00:00:00,8.15
2026-02-04 00:00:00,1.31
2026-02-05 00:00:00,0.03
2026-02-06 00:00:00,6.33
2026-02-07 00:00:00,7.98
2026-02-08 00:00:00,0.14
2026-02-09 00:00:00,0.04
2026-02-10 00:00:00,0.0
2026-02-11 00:00:00,0.0
2026-02-12 00:00:00,0.0
2026-02-13 00:00:00,1.75
2026-02-14 00:00:00,0.09
2026-02-15 00:00:00,0.0
2026-02-16 00:00:00,0.0
2026-02-17 00:00:00,0.0
2026-02-18 00:00:00,0.0
2026-02-19 00:00:00,0.0
2026-02-20 00:00:00,0.0
2026-02-21 00:00:00,0.0
2026-02-22 00:00:00,0.01
2026-02-23 00:00:00,0.0
2026-02-24 00:00:00,0.0
2026-02-25 00:00:00,0.0
2026-02-26 00:00:00,0.0
2026-02-27 00:00:00,0.0
2026-02-28 00:00:00,0.0
2026-03-01 00:00:00,0.04
2026-03-02 00:00:00,0.0
2026-03-03 00:00:00,0.0
2026-03-04 00:00:00,0.31000000000000005
2026-03-05 00:00:00,2.86
2026-03-06 00:00:00,0.0
2026-03-07 00:00:00,0.0
2026-03-08 00:00:00,0.0
2026-03-09 00:00:00,0.0
2026-03-10 00:00:00,0.0
2026-03-11 00:00:00,0.0
2026-03-12 00:00:00,0.0
2026-03-13 00:00:00,0.02
2026-03-14 00:00:00,0.0
2026-03-15 00:00:00,0.15000000000000002
2026-03-16 00:00:00,0.0
2026-03-17 00:00:00,0.0
2026-03-18 00:00:00,0.01
2026-03-19 00:00:00,0.55
2026-03-20 00:00:00,4.4
2026-03-21 00:00:00,0.0
2026-03-22 00:00:00,0.0
2026-03-23 00:00:00,0.01
2026-03-24 00:00:00,0.0
2026-03-25 00:00:00,0.0
2026-03-26 00:00:00,0.0
2026-03-27 00:00:00,0.0
2026-03-28 00:00:00,0.0
2026-03-29 00:00:00,0.0
2026-03-30 00:00:00,0.0
2026-03-31 00:00:00,0.0
2026-04-01 00:00:00,0.0
2026-04-02 00:00:00,0.0
2026-04-03 00:00:00,0.0
2026-04-04 00:00:00,0.0
2026-04-05 00:00:00,0.0
2026-04-06 00:00:00,0.0
2026-04-07 00:00:00,0.9400000000000002
2026-04-08 00:00:00,0.03
2026-04-09 00:00:00,0.11
2026-04-10 00:00:00,0.0
2026-04-11 00:00:00,1.5
2026-04-12 00:00:00,0.0
2026-04-13 00:00:00,0.0
2026-04-14 00:00:00,0.0
2026-04-15 00:00:00,0.0
2026-04-16 00:00:00,0.0
2026-04-17 00:00:00,0.0
2026-04-18 00:00:00,0.0
2026-04-19 00:00:00,0.0
2026-04-20 00:00:00,0.0
2026-04-21 00:00:00,0.0
2026-04-22 00:00:00,0.0
2026-04-23 00:00:00,0.0
2026-04-24 00:00:00,0.0
2026-04-25 00:00:00,3.76
2026-04-26 00:00:00,0.0
2026-04-27 00:00:00,0.0
2026-04-28 00:00:00,0.0
2026-04-29 00:00:00,0.0
2026-04-30 00:00:00,0.0
2026-05-01 00:00:00,0.0
2026-05-02 00:00:00,0.0
2026-05-03 00:00:00,0.0
2026-05-04 00:00:00,0.0
2026-05-05 00:00:00,0.0
2026-05-06 00:00:00,0.0
2026-05-07 00:00:00,0.0
2026-05-08 00:00:00,0.0
2026-05-09 00:00:00,1.23
2026-05-10 00:00:00,0.25
2026-05-11 00:00:00,0.0
2026-05-12 00:00:00,0.0
2026-05-13 00:00:00,0.0
2026-05-14 00:00:00,0.0
2026-05-15 00:00:00,0.0
2026-05-16 00:00:00,0.0
2026-05-17 00:00:00,0.0
2026-05-18 00:00:00,0.0
2026-05-19 00:00:00,0.0
2026-05-20 00:00:00,0.0
2026-05-21 00:00:00,0.0
2026-05-22 00:00:00,0.0
2026-05-23 00:00:00,0.0
2026-05-24 00:00:00,0.02
2026-05-25 00:00:00,0.01
2026-05-26 00:00:00,0.0
2026-05-27 00:00:00,0.0
2026-05-28 00:00:00,0.0
2026-05-29 00:00:00,0.0
2026-05-30 00:00:00,0.0
2026-05-31 00:00:00,0.0
2026-06-01 00:00:00,0.0
2026-06-02 00:00:00,0.0
2026-06-03 00:00:00,0.0
2026-06-04 00:00:00,0.0
2026-06-05 00:00:00,0.0
2026-06-06 00:00:00,0.0
2026-06-07 00:00:00,0.060000000000000005
2026-06-08 00:00:00,0.0
2026-06-09 00:00:00,0.0
2026-06-10 00:00:00,0.0
2026-06-11 00:00:00,0.51
2026-06-12 00:00:00,0.0
2026-06-13 00:00:00,0.0
2026-06-14 00:00:00,0.38
2026-06-15 00:00:00,0.0
2026-06-16 00:00:00,0.0
2026-06-17 00:00:00,0.0
2026-06-18 00:00:00,0.02
2026-06-19 00:00:00,0.0
2026-06-20 00:00:00,0.0
2026-06-21 00:00:00,0.06
2026-06-22 00:00:00,0.12000000000000001
2026-06-23 00:00:00,0.0
2026-06-24 00:00:00,0.0
2026-06-25 00:00:00,0.0
2026-06-26 00:00:00,0.12000000000000001
2026-06-27 00:00:00,0.35
2026-06-28 00:00:00,0.09999999999999999
2026-06-29 00:00:00,1.1400000000000001
2026-06-30 00:00:00,0.92
2026-07-01 00:00:00,0.04
2026-07-02 00:00:00,1.1800000000000002
2026-07-03 00:00:00,0.09
2026-07-04 00:00:00,0.73
2026-07-05 00:00:00,0.64
2026-07-06 00:00:00,2.41
2026-07-07 00:00:00,1.5000000000000002
2026-07-08 00:00:00,5.05
2026-07-10 00:00:00,0.0
2026-07-11 00:00:00,2.47
2026-07-12 00:00:00,4.04
2026-07-13 00:00:00,2.5
2026-07-14 00:00:00,1.8099999999999998
2026-07-15 00:00:00,2.7100000000000004
2026-07-16 00:00:00,7.57
2026-07-17 00:00:00,4.16
2026-07-18 00:00:00,4.75
2026-07-19 00:00:00,3.54
2026-07-20 00:00:00,0.0
2026-07-21 00:00:00,0.0
2026-07-22 00:00:00,0.0
2026-07-23 00:00:00,0.22
2026-07-24 00:00:00,0.0
2026-07-25 00:00:00,0.0
2026-07-26 00:00:00,0.0
2026-07-27 00:00:00,0.0
2026-07-28 00:00:00,0.11
2026-07-29 00:00:00,0.07
2026-07-30 00:00:00,0.03
2026-07-31 00:00:00,0.16
2026-08-01 00:00:00,0.0
2026-08-02 00:00:00,0.0
2026-08-03 00:00:00,0.38
2026-08-04 00:00:00,0.0
2026-08-05 00:00:00,0.0
2026-08-06 00:00:00,0.22
2026-08-07 00:00:00,0.0
2026-08-08 00:00:00,0.0
2026-08-09 00:00:00,0.0
2026-08-10 00:00:00,0.0
2026-08-11 00:00:00,0.0
2026-08-12 00:00:00,0.0
2026-08-13 00:00:00,0.0
2026-08-14 00:00:00,0.0
2026-08-15 00:00:00,0.0
2026-08-16 00:00:00,0.0
2026-08-17 00:00:00,0.0
2026-08-18 00:00:00,0.0
2026-08-19 00:00:00,0.0
2026-08-20 00:00:00,1.31
2026-08-21 00:00:00,0.0
2026-08-22 00:00:00,0.0
2026-08-23 00:00:00,0.0
2026-08-24 00:00:00,0.0
2026-08-25 00:00:00,0.0
2026-08-26 00:00:00,0.0
2026-08-27 00:00:00,0.0
2026-08-28 00:00:00,0.0
2026-08-29 00:00:00,0.0
2026-08-30 00:00:00,0.03
2026-08-31 00:00:00,0.0
2026-09-01 00:00:00,0.0
2026-09-02 00:00:00,0.0
